method,macro_mean,macro_std,worst_mean,worst_std,worst_true_mean,worst_true_std,worst_fixed_mean,worst_fixed_std,n_seeds,seeds
lgbm_global,0.37052474156924786,0.06901538948114995,0.10350840444534992,0.024038505297270515,0.20923192268335267,0.05728847649208075,0.10350840444534992,0.024038505297270515,3,"42,43,45"
lgbm_global_eq120k,0.3928430344591309,0.060161642222284366,0.12022611561334995,0.0324580892895128,0.22658338850815518,0.06546042736661851,0.12022611561334995,0.0324580892895128,3,"42,43,45"
rf_global,0.4151833059687781,0.027303552900326367,0.10918763090485684,0.03474589848816049,0.20387156261288966,0.04371665876562319,0.10918763090485684,0.03474589848816049,3,"42,43,45"
rf_global_full,0.4019744828731504,0.05919999372400543,0.09780944778124272,0.03254827724084999,0.1854632240213575,0.04742536921928208,0.09780944778124272,0.03254827724084999,3,"42,43,45"
xgb_global,0.3771008624400835,0.06588500021279656,0.10095252181843367,0.02885623821375414,0.1988286235559714,0.04420982241047387,0.10095252181843367,0.02885623821375414,3,"42,43,45"
lgbm_wellnorm,0.3054049133153578,0.012742285839621408,0.0898261999062343,0.01653838778265686,0.16968039690281578,0.014579842905744165,0.0898261999062343,0.01653838778265686,3,"42,43,45"
lgbm_hybrid_norel,0.4012336240381751,0.06062600172716945,0.12335350933259316,0.015400200091492225,0.23437519514965321,0.03652192387320768,0.12335350933259316,0.015400200091492225,3,"42,43,45"
lgbm_hybrid,0.40894141365109765,0.05931170282806767,0.10142694178192911,0.036050591248521106,0.2002839135331194,0.06160975150070922,0.10142694178192911,0.036050591248521106,3,"42,43,45"
lgbm_hybrid_smooth,0.4126873994592572,0.06067128866886593,0.09982752202741829,0.038950952757849516,0.1966152622080558,0.06705162956076072,0.09982752202741829,0.038950952757849516,3,"42,43,45"
lgbm_hybrid_while,0.4121490722394556,0.062012608561090914,0.11126039453815928,0.01836198329033569,0.222495094531153,0.03145192047718384,0.11126039453815928,0.01836198329033569,3,"42,43,45"
