curve,non_null_curves_all,non_null_frac_curves_all,non_null_labeled,non_null_frac_labeled,wells_with_curve
GR,2297684,0.9829079682534386,1429694,0.9988200223140836,118
RHOB,1396517,0.5974049029811703,1242990,0.8683839335803206,118
NPHI,1033603,0.44215680864325074,967036,0.6755955603776208,118
DTC,1793708,0.7673160825944468,1344404,0.9392342929879703,118
DTS,388821,0.1663306438675946,290833,0.2031832151143335,46
PEF,924140,0.39533050227173655,886447,0.6192940673460562,88
CALI,1461913,0.6253801378228204,1333735,0.9317806624781767,117
RDEP,2219193,0.9493309274870928,1419887,0.9919686065853793,118
RMED,2092874,0.8952939269065925,1381564,0.9651951993282022,117
RSHA,868460,0.3715115978130071,696275,0.48643514698721446,82
RXO,386207,0.16521242159289778,366704,0.2561885952257362,43
SP,1228770,0.5256457476967145,978565,0.6836500084184317,76
ROP,1220926,0.5222902253085271,694607,0.4852698404270555,67
DRHO,1324910,0.566772713836482,1212768,0.8472700877403183,114
BS,1456879,0.6232266829908296,824700,0.576156067244057,83
MUDWEIGHT,439700,0.18809576671162656,336471,0.2350670645103372,29
