well_id,block,n_curve_rows,n_labeled_rows,label_frac,depth_min_curve,depth_max_curve,depth_min_labeled,depth_max_labeled,n_classes
15/9-13,15,21441,18270,0.8521057786483839,25.0,3283.88,494.528,3272.024,8
15/9-14,15,22875,20336,0.8890054644808744,98.804000854,3575.6520009,480.62800085,3572.9160009,8
15/9-15,15,20954,17717,0.8455187553689033,25.0,3209.856,485.256,3200.128,7
15/9-17,15,19879,17351,0.872830625282962,102.61399841,3124.0699984,472.42999841,3114.6459984,7
15/9-23,15,20494,11063,0.5398165316678052,110.0,3224.936,1518.28,3212.624,8
16/1-2,16,18547,1734,0.09349220898258478,104.90000153,2923.8920015,2645.5800015,2908.9960015,5
16/1-6 A,16,13513,3623,0.26811218826315397,140.09973504,2193.923735,1175.979735,1726.523735,4
16/10-1,16,20147,17675,0.8773018315381943,99.99978984,3162.1917898,439.41578984,3125.8637898,10
16/10-2,16,20131,2437,0.12105707615120957,97.993202209,3157.7532022,2767.2652022,3137.5372022,6
16/10-3,16,17995,15956,0.8866907474298417,114.9095993,2849.9975993,415.2615993,2840.4215993,8
16/10-5,16,18808,2765,0.14701190982560614,175.15638733,3033.8203873,2607.0043873,3027.1323873,6
16/11-1 ST3,16,19470,14939,0.7672829994863893,88.593200684,3047.8812007,682.91320068,2953.4892007,10
16/2-11 A,16,14672,10708,0.729825517993457,138.12319946,2368.1151995,734.41919946,2361.8831995,6
16/2-16,16,13637,10025,0.7351323604898438,142.39039612,2215.0623961,684.27039612,2207.9183961,7
16/2-6,16,13094,9138,0.6978768901787078,141.01879883,2131.1547988,735.18679883,2124.0107988,7
16/2-7,16,15556,11683,0.7510285420416559,135.63600159,2499.9960016,704.11600159,2480.5400016,7
16/4-1,16,18424,14120,0.7663916630481981,112.60960388,2912.9056039,760.88960388,2906.9776039,9
16/5-3,16,12261,3021,0.24639099584046978,130.046,1993.566,1508.99,1968.79,6
16/7-4,16,17412,10010,0.5748908798529749,140.1,2786.572,1244.38,2765.748,6
16/7-5,16,18488,15590,0.8432496754651666,99.151985168,2909.1759852,446.47198517,2898.9919852,6
16/7-6,16,17304,10222,0.5907304669440592,103.0223999,2733.0783999,1110.9343999,2698.4223999,8
16/8-1,16,14586,6685,0.4583161936103113,96.975196838,2313.8951968,1291.3911968,2307.3591968,8
17/11-1,17,20533,20099,0.9788632932352798,148.45701599,3269.321016,162.59301599,3238.465016,9
17/4-1,17,25420,17271,0.6794256490952006,136.4467926,4000.1347926,1147.5507926,3834.1507926,9
25/10-10,25,15346,9321,0.6073895477648898,182.0144,2514.4544,1090.3664,2507.0064,8
25/10-9,25,19639,10788,0.5493151382453282,0.0488,2985.0248,1333.0888,2972.7128,7
25/11-15,25,12402,2284,0.18416384454120302,149.9997,2034.9517,1650.0877,1997.1037,5
25/11-19 S,25,13783,6975,0.5060581876224335,155.09970504,2249.963705,984.41170504,2044.459705,5
25/11-24,25,13052,4195,0.32140668096843394,135.0752,2118.8272,1457.0192,2094.5072,7
25/11-5,25,13337,5060,0.37939566619179727,146.60871887,2173.6807189,1388.1447189,2157.1127189,6
25/2-13 T4,25,24492,21062,0.8599542707822962,185.0,3907.632,694.808,3896.08,6
25/2-14,25,22963,15840,0.6898053390236467,139.04190063,3629.2659006,1198.9379006,3621.5139006,7
25/2-7,25,26059,25131,0.964388503012395,133.61000061,4094.4260006,200.33800061,4020.0980006,8
25/3-1,25,24963,21186,0.8486960701838722,136.0,3930.224,693.992,3914.112,8
25/4-5,25,27691,23005,0.8307753421689358,145.59080505,4354.4708051,853.30280505,4349.9108051,7
25/5-1,25,21629,18473,0.8540847935641962,145.0,3432.456,590.36,3415.128,8
25/5-3,25,18058,11324,0.6270904862110975,153.3631897,2898.0271897,1153.6751897,2874.7711897,7
25/5-4,25,20021,13003,0.6494680585385345,145.00030518,3188.0403052,1199.7283052,3176.0323052,7
25/6-1,25,18033,6209,0.3443132035712305,140.0,2880.864,1907.0,2850.616,5
25/6-2,25,14836,2925,0.19715556753842006,145.0,2399.92,1924.616,2369.064,5
25/6-3,25,15388,11994,0.7794385235248246,138.09972888,2476.9237289,626.32372888,2451.5397289,6
25/7-2,25,31686,23879,0.7536135832859938,133.856,4949.976,1211.536,4840.992,7
25/8-5 S,25,20537,14599,0.710863319861713,273.7104,3395.1824,1165.7984,3387.8864,8
25/8-7,25,9268,8999,0.9709753992231334,975.05511475,2383.6391147,1003.3271147,2371.0231147,8
25/9-1,25,16132,16111,0.9986982395239276,80.15,2532.062,80.15,2528.87,8
26/4-1,26,22742,19577,0.8608301820420368,233.24819946,3689.8801995,698.97619946,3674.5281995,8
29/3-1,29,28514,24213,0.8491618152486498,132.61000061,4466.5860006,695.31400061,4388.7620006,7
29/6-1,29,30856,24468,0.7929738138449572,147.45700073,4837.4170007,1099.5850007,4819.0250007,6
30/3-3,30,21287,21164,0.9942218255273172,200.91,3436.382,200.91,3427.414,7
30/3-5 S,30,28123,4382,0.15581552465953136,433.16958618,4707.7135862,3892.0815862,4561.0335862,5
30/6-5,30,22910,21636,0.9443910955914447,74.0664,3556.2344,256.9224,3547.8744,8
31/2-1,31,16035,8274,0.5159962581852199,0.0762000009,2437.2442,1164.8522,2422.3482,7
31/2-10,31,11934,9033,0.756913021618904,25.0,1838.816,456.224,1829.088,6
31/2-19 S,31,24730,16705,0.6754953497775981,367.9424,4126.7504,1537.2784,4076.2864,6
31/2-21 S,31,18731,7840,0.41855747157119216,372.0084,3218.9684,1999.9284,3191.6084,6
31/2-7,31,8647,8056,0.9316525962761651,353.30493164,1667.4969316,439.64093164,1664.0009316,6
31/2-8,31,19923,19026,0.9549766601415449,360.82897949,3388.9729795,480.60497949,3380.0049795,8
31/2-9,31,9402,8753,0.9309721335885982,349.30508423,1778.2570842,443.69708423,1774.0010842,5
31/3-1,31,13361,13236,0.99064441284335,349.125,2379.845,349.733,2362.365,7
31/3-2,31,11426,10750,0.9408366882548573,358.30490112,2094.9049011,433.54490112,2082.8969011,6
31/3-3,31,14668,11624,0.7924734115080447,348.25,2577.634,793.762,2562.434,7
31/3-4,31,11413,5377,0.4711294138263384,388.009638,2122.633638,1288.001638,2115.185638,6
31/4-10,31,13779,8682,0.6300892662747659,257.45239258,2351.7083926,997.99639258,2317.5083926,6
31/4-5,31,18352,13400,0.7301656495204882,144.82879639,2934.1807964,895.10079639,2932.9647964,8
31/5-4 S,31,11467,11315,0.9867445713787389,164.79,1907.622,164.79,1884.518,6
31/6-5,31,11597,11098,0.9569716305941192,326.375,2088.967,387.631,2074.375,7
31/6-8,31,9727,9533,0.9800555155752031,668.93243408,2147.2844341,688.08443408,2138.0124341,7
32/2-1,32,6059,3049,0.5032183528635088,379.0676,1299.8836,830.2036,1294.1076,4
33/5-2,33,27702,4091,0.14767886795177243,324.15206909,4534.7040691,3900.5600691,4522.2400691,5
33/6-3 S,33,26868,12681,0.4719740955783832,360.1212,4443.9052,2484.1692,4422.0172,4
33/9-1,33,17606,17278,0.98136998750426,457.61,3133.57,488.77,3118.218,8
33/9-17,33,19771,17869,0.9037984927418947,254.60998535,3259.6499854,515.59398535,3231.5299854,8
34/10-16 R,34,25579,25095,0.9810782282340983,163.15200806,4051.0080081,227.29600806,4042.0400081,8
34/10-19,34,13238,12662,0.9564888956035655,211.0,2223.024,291.104,2215.576,8
34/10-21,34,24926,22491,0.9023108400866565,226.21040344,4014.8104034,587.05840344,4005.5384034,8
34/10-33,34,24490,6046,0.24687627603103307,156.0,3878.328,2958.272,3877.112,6
34/10-35,34,26900,20620,0.7665427509293681,223.375,4312.023,1051.623,4308.527,9
34/11-1,34,29690,4226,0.14233748736948468,65.875,4578.603,3922.115,4564.315,5
34/11-2 S,34,29422,23310,0.7922642920263748,286.0,4757.992,1160.304,4738.992,8
34/12-1,34,28434,9350,0.3288316803826405,398.11758423,4719.9335842,3166.9495842,4692.7255842,5
34/2-4,34,24318,23404,0.9624146722592318,419.60943604,4115.793436,523.72943604,4103.937436,7
34/3-1 A,34,24513,2251,0.09182882552115204,436.21671456,4162.0407146,3771.4007146,4146.5367146,6
34/3-2 S,34,25699,12229,0.4758550916378069,426.0068,4332.1028,2380.5748,4321.7668,6
34/3-3 A,34,30228,18190,0.6017599576551541,418.38597552,5012.8899755,2233.8739755,5007.4179755,8
34/4-10 R,34,25514,3880,0.15207337148232344,372.81846696,4250.794467,3632.002467,4240.458467,6
34/5-1 A,34,26343,14592,0.5539232433663592,411.98599243,4415.9699924,2119.7059924,4393.4739924,5
34/5-1 S,34,22969,2273,0.09895946710784101,411.986,3903.122,3544.25,3898.714,5
34/6-1 S,34,26090,6479,0.24833269451897277,406.0424,4371.5704,3352.5624,4353.3304,5
34/7-13,34,16891,3900,0.2308921911076905,433.625,3000.905,2383.329,2975.977,4
34/7-20,34,18193,13157,0.7231902380036278,417.47,3182.654,1156.342,3166.542,8
34/7-21,34,18463,12424,0.6729133943562802,212.75,3018.974,1061.366,2971.246,8
34/8-1,34,21558,17938,0.8320808980424901,345.30502319,3621.9690232,891.13702319,3617.5610232,6
34/8-3,34,19230,13342,0.6938117524700989,411.37643433,3334.1844343,1276.1044343,3315.3364343,8
34/8-7 R,34,35896,7084,0.19734789391575663,23.0,5479.04,4360.016,5436.632,5
35/11-1,35,19692,15632,0.7938249035141174,373.4571228,3366.4891228,989.0571228,3364.9691228,6
35/11-10,35,16967,6206,0.3657688454057877,371.99987793,2950.8318779,1942.3118779,2885.4718779,6
35/11-11,35,18710,12844,0.6864778193479423,382.1156,3225.8836,1245.1716,3214.7876,7
35/11-12,35,19875,19112,0.9616100628930817,359.97,3380.818,388.546,3339.93,6
35/11-13,35,19119,2430,0.12709869763062923,386.078,3292.014,2901.678,3270.886,4
35/11-15 S,35,18832,2596,0.1378504672897196,390.0404,3252.3524,2818.0884,3212.5284,5
35/11-5,35,21963,21770,0.991212493739471,443.22799683,3781.4519968,443.37999683,3780.9959968,8
35/11-6,35,23734,23674,0.9974719811241257,389.9916,3997.4076,391.2076,3989.5036,7
35/11-7,35,16547,13005,0.7859430712515864,385.75,2900.742,890.846,2873.686,5
35/12-1,35,16777,13238,0.7890564463253263,477.82281494,3027.7748149,998.57481494,3019.4148149,5
35/3-7 S,35,24803,5087,0.2050961577228561,282.09185136,4051.9958514,3245.6358514,4018.7078514,3
35/4-1,35,29967,20825,0.69493109086662,403.604,4958.436,1335.364,4932.596,6
35/6-2 S,35,21948,13415,0.6112174229998177,365.96046696,3701.904467,1652.640467,3695.520467,6
35/8-4,35,21927,2709,0.12354631276508414,390.04040527,3722.7924053,3279.2564053,3690.8724053,4
35/8-6 S,35,23901,14378,0.6015647880841806,411.0228,4043.8228,1821.4308,4006.7348,4
35/9-10 S,35,21271,4313,0.20276432701800573,388.9736,3622.0136,2950.0216,3605.4456,4
35/9-2,35,16599,12330,0.7428158322790529,368.96035767,2891.8563577,1005.6883577,2879.6963577,6
35/9-5,35,21206,4942,0.23304725077808167,307.69558716,3530.8555872,2726.1675872,3477.1995872,6
35/9-6 S,35,22105,13155,0.595114227550328,395.0,3754.808,1725.152,3754.808,5
35/9-7,35,17166,10677,0.6219853198182453,397.0508,3006.1308,1351.1548,2973.9068,7
35/9-8,35,18842,4274,0.22683366946184058,392.0216,3255.8536,2536.2856,3224.9976,6
36/7-3,36,16950,3634,0.2143952802359882,373.0,2949.248,2391.104,2949.096,4
7/1-1,7,17982,16242,0.9032365699032365,82.600799561,2815.7127996,334.31279956,2802.9447996,7
7/1-2 S,7,19586,2041,0.10420708669457776,198.0164,3174.9364,2859.9924,3170.0724,3
