well_id,block,n_rows,depth_min,depth_max,n_classes,conf_mean,n_curve_rows,label_frac
15/9-13,15,18270,494.528,3272.024,8,1.0390804597701149,21441,0.8521057786483839
15/9-14,15,20336,480.62800085,3572.9160009,8,1.0694335169158142,22875,0.8890054644808744
15/9-15,15,17717,485.256,3200.128,7,1.1332053959473951,20954,0.8455187553689033
15/9-17,15,17351,472.42999841,3114.6459984,7,1.1389545271165926,19879,0.872830625282962
15/9-23,15,11063,1518.28,3212.624,8,1.112989243424026,20494,0.5398165316678052
16/1-2,16,1734,2645.5800015,2908.9960015,5,1.9763552479815456,18547,0.09349220898258478
16/1-6 A,16,3623,1175.979735,1726.523735,4,1.0825282914711565,13513,0.26811218826315397
16/10-1,16,17675,439.41578984,3125.8637898,10,1.326110325318246,20147,0.8773018315381943
16/10-2,16,2437,2767.2652022,3137.5372022,6,1.6672137874435782,20131,0.12105707615120957
16/10-3,16,15956,415.2615993,2840.4215993,8,1.2905490097768864,17995,0.8866907474298417
16/10-5,16,2765,2607.0043873,3027.1323873,6,1.3855334538878843,18808,0.14701190982560614
16/11-1 ST3,16,14939,682.91320068,2953.4892007,10,1.474663632103889,19470,0.7672829994863893
16/2-11 A,16,10708,734.41919946,2361.8831995,6,1.233190138214419,14672,0.729825517993457
16/2-16,16,10025,684.27039612,2207.9183961,7,1.1243890274314214,13637,0.7351323604898438
16/2-6,16,9138,735.18679883,2124.0107988,7,1.219522871525498,13094,0.6978768901787078
16/2-7,16,11683,704.11600159,2480.5400016,7,1.2159548061285628,15556,0.7510285420416559
16/4-1,16,14120,760.88960388,2906.9776039,9,1.2759915014164307,18424,0.7663916630481981
16/5-3,16,3021,1508.99,1968.79,6,1.067527308838133,12261,0.24639099584046978
16/7-4,16,10010,1244.38,2765.748,6,1.2914085914085913,17412,0.5748908798529749
16/7-5,16,15590,446.47198517,2898.9919852,6,1.0632456703014752,18488,0.8432496754651666
16/7-6,16,10222,1110.9343999,2698.4223999,8,1.1158286049696733,17304,0.5907304669440592
16/8-1,16,6685,1291.3911968,2307.3591968,8,1.3177262528047868,14586,0.4583161936103113
17/11-1,17,20099,162.59301599,3238.465016,9,1.110801532414548,20533,0.9788632932352798
17/4-1,17,17271,1147.5507926,3834.1507926,9,1.0323663945341903,25420,0.6794256490952006
25/10-10,25,9321,1090.3664,2507.0064,8,1.1136144190537496,15346,0.6073895477648898
25/10-9,25,10788,1333.0888,2972.7128,7,1.1706525769373377,19639,0.5493151382453282
25/11-15,25,2284,1650.0877,1997.1037,5,1.0380910683012259,12402,0.18416384454120302
25/11-19 S,25,6975,984.41170504,2044.459705,5,1.131326164874552,13783,0.5060581876224335
25/11-24,25,4195,1457.0192,2094.5072,7,1.0753277711561382,13052,0.32140668096843394
25/11-5,25,5060,1388.1447189,2157.1127189,6,1.4699604743083003,13337,0.37939566619179727
25/2-13 T4,25,21062,694.808,3896.08,6,1.1155160953375747,24492,0.8599542707822962
25/2-14,25,15840,1198.9379006,3621.5139006,7,1.0715277777777779,22963,0.6898053390236467
25/2-7,25,25131,200.33800061,4020.0980006,8,1.0798217341132466,26059,0.964388503012395
25/3-1,25,21186,693.992,3914.112,8,1.0389880109506278,24963,0.8486960701838722
25/4-5,25,23005,853.30280505,4349.9108051,7,1.0436861551836558,27691,0.8307753421689358
25/5-1,25,18473,590.36,3415.128,8,1.0735668272614085,21629,0.8540847935641962
25/5-3,25,11324,1153.6751897,2874.7711897,7,1.054574355351466,18058,0.6270904862110975
25/5-4,25,13003,1199.7283052,3176.0323052,7,1.027609013304622,20021,0.6494680585385345
25/6-1,25,6209,1907.0,2850.616,5,1.3517474633596391,18033,0.3443132035712305
25/6-2,25,2925,1924.616,2369.064,5,1.2717948717948717,14836,0.19715556753842006
25/6-3,25,11994,626.32372888,2451.5397289,6,1.0613640153410038,15388,0.7794385235248246
25/7-2,25,23879,1211.536,4840.992,7,1.1117718497424516,31686,0.7536135832859938
25/8-5 S,25,14599,1165.7984,3387.8864,8,1.1304198917734092,20537,0.710863319861713
25/8-7,25,8999,1003.3271147,2371.0231147,8,1.1193465940660072,9268,0.9709753992231334
25/9-1,25,16111,80.15,2528.87,8,1.0937247843088573,16132,0.9986982395239276
26/4-1,26,19577,698.97619946,3674.5281995,8,1.0835163712519793,22742,0.8608301820420368
29/3-1,29,24213,695.31400061,4388.7620006,7,1.0853673646388304,28514,0.8491618152486498
29/6-1,29,24468,1099.5850007,4819.0250007,6,1.0463053784534904,30856,0.7929738138449572
30/3-3,30,21164,200.91,3427.414,7,1.3224815724815724,21287,0.9942218255273172
30/3-5 S,30,4382,3892.0815862,4561.0335862,5,1.1081697854860795,28123,0.15581552465953136
30/6-5,30,21636,256.9224,3547.8744,8,1.1107875762617858,22910,0.9443910955914447
31/2-1,31,8274,1164.8522,2422.3482,7,1.8118201595358956,16035,0.5159962581852199
31/2-10,31,9033,456.224,1829.088,6,1.1720358684822318,11934,0.756913021618904
31/2-19 S,31,16705,1537.2784,4076.2864,6,1.14756061059563,24730,0.6754953497775981
31/2-21 S,31,7840,1999.9284,3191.6084,6,1.007015306122449,18731,0.41855747157119216
31/2-7,31,8056,439.64093164,1664.0009316,6,1.1713008937437934,8647,0.9316525962761651
31/2-8,31,19026,480.60497949,3380.0049795,8,1.0715862503941973,19923,0.9549766601415449
31/2-9,31,8753,443.69708423,1774.0010842,5,1.088312578544499,9402,0.9309721335885982
31/3-1,31,13236,349.733,2362.365,7,1.15420066485343,13361,0.99064441284335
31/3-2,31,10750,433.54490112,2082.8969011,6,1.0924651162790697,11426,0.9408366882548573
31/3-3,31,11624,793.762,2562.434,7,1.1165691672401927,14668,0.7924734115080447
31/3-4,31,5377,1288.001638,2115.185638,6,1.0286405058582853,11413,0.4711294138263384
31/4-10,31,8682,997.99639258,2317.5083926,6,1.1346463948398986,13779,0.6300892662747659
31/4-5,31,13400,895.10079639,2932.9647964,8,1.1103731343283583,18352,0.7301656495204882
31/5-4 S,31,11315,164.79,1884.518,6,1.60883782589483,11467,0.9867445713787389
31/6-5,31,11098,387.631,2074.375,7,1.2038205081996756,11597,0.9569716305941192
31/6-8,31,9533,688.08443408,2138.0124341,7,1.203923214098395,9727,0.9800555155752031
32/2-1,32,3049,830.2036,1294.1076,4,1.0947851754673663,6059,0.5032183528635088
33/5-2,33,4091,3900.5600691,4522.2400691,5,1.1158640919090688,27702,0.14767886795177243
33/6-3 S,33,12681,2484.1692,4422.0172,4,1.0442394132954815,26868,0.4719740955783832
33/9-1,33,17278,488.77,3118.218,8,1.086873480726936,17606,0.98136998750426
33/9-17,33,17869,515.59398535,3231.5299854,8,1.0883653254239185,19771,0.9037984927418947
34/10-16 R,34,25095,227.29600806,4042.0400081,8,1.055748157003387,25579,0.9810782282340983
34/10-19,34,12662,291.104,2215.576,8,1.0900331701153056,13238,0.9564888956035655
34/10-21,34,22491,587.05840344,4005.5384034,8,1.0772308923569427,24926,0.9023108400866565
34/10-33,34,6046,2958.272,3877.112,6,1.3496526629176315,24490,0.24687627603103307
34/10-35,34,20620,1051.623,4308.527,9,1.073278370514064,26900,0.7665427509293681
34/11-1,34,4226,3922.115,4564.315,5,1.131566493137719,29690,0.14233748736948468
34/11-2 S,34,23310,1160.304,4738.992,8,1.0516087516087516,29422,0.7922642920263748
34/12-1,34,9350,3166.9495842,4692.7255842,5,1.450802139037433,28434,0.3288316803826405
34/2-4,34,23404,523.72943604,4103.937436,7,1.1789010425568278,24318,0.9624146722592318
34/3-1 A,34,2251,3771.4007146,4146.5367146,6,1.0382052421146157,24513,0.09182882552115204
34/3-2 S,34,12229,2380.5748,4321.7668,6,1.1338621310000818,25699,0.4758550916378069
34/3-3 A,34,18190,2233.8739755,5007.4179755,8,1.0796591533809785,30228,0.6017599576551541
34/4-10 R,34,3880,3632.002467,4240.458467,6,1.1961340206185567,25514,0.15207337148232344
34/5-1 A,34,14592,2119.7059924,4393.4739924,5,1.0497532894736843,26343,0.5539232433663592
34/5-1 S,34,2273,3544.25,3898.714,5,1.0501539815222174,22969,0.09895946710784101
34/6-1 S,34,6479,3352.5624,4353.3304,5,1.0473838555332613,26090,0.24833269451897277
34/7-13,34,3900,2383.329,2975.977,4,1.0,16891,0.2308921911076905
34/7-20,34,13157,1156.342,3166.542,8,1.1276886828304324,18193,0.7231902380036278
34/7-21,34,12424,1061.366,2971.246,8,1.1112363168061816,18463,0.6729133943562802
34/8-1,34,17938,891.13702319,3617.5610232,6,1.04565726390902,21558,0.8320808980424901
34/8-3,34,13342,1276.1044343,3315.3364343,8,1.0561385099685205,19230,0.6938117524700989
34/8-7 R,34,7084,4360.016,5436.632,5,1.1473743647656691,35896,0.19734789391575663
35/11-1,35,15632,989.0571228,3364.9691228,6,1.033648925281474,19692,0.7938249035141174
35/11-10,35,6206,1942.3118779,2885.4718779,6,1.1698356429262005,16967,0.3657688454057877
35/11-11,35,12844,1245.1716,3214.7876,7,1.133213952039863,18710,0.6864778193479423
35/11-12,35,19112,388.546,3339.93,6,2.2885621598995396,19875,0.9616100628930817
35/11-13,35,2430,2901.678,3270.886,4,1.0390946502057614,19119,0.12709869763062923
35/11-15 S,35,2596,2818.0884,3212.5284,5,1.1644838212634823,18832,0.1378504672897196
35/11-5,35,21770,443.37999683,3780.9959968,8,1.1733118971061094,21963,0.991212493739471
35/11-6,35,23674,391.2076,3989.5036,7,1.1610205288502153,23734,0.9974719811241257
35/11-7,35,13005,890.846,2873.686,5,1.1404844290657439,16547,0.7859430712515864
35/12-1,35,13238,998.57481494,3019.4148149,5,1.1382384045928389,16777,0.7890564463253263
35/3-7 S,35,5087,3245.6358514,4018.7078514,3,1.0990760762728524,24803,0.2050961577228561
35/4-1,35,20825,1335.364,4932.596,6,1.051764705882353,29967,0.69493109086662
35/6-2 S,35,13415,1652.640467,3695.520467,6,1.0409988818486768,21948,0.6112174229998177
35/8-4,35,2709,3279.2564053,3690.8724053,4,1.218530823181986,21927,0.12354631276508414
35/8-6 S,35,14378,1821.4308,4006.7348,4,1.0751843093615245,23901,0.6015647880841806
35/9-10 S,35,4313,2950.0216,3605.4456,4,1.1258984465569208,21271,0.20276432701800573
35/9-2,35,12330,1005.6883577,2879.6963577,6,1.6931062449310625,16599,0.7428158322790529
35/9-5,35,4942,2726.1675872,3477.1995872,6,1.0202347227842978,21206,0.23304725077808167
35/9-6 S,35,13155,1725.152,3754.808,5,1.0962371721778792,22105,0.595114227550328
35/9-7,35,10677,1351.1548,2973.9068,7,1.0706190877587338,17166,0.6219853198182453
35/9-8,35,4274,2536.2856,3224.9976,6,1.0772110435189517,18842,0.22683366946184058
36/7-3,36,3634,2391.104,2949.096,4,1.0517336268574573,16950,0.2143952802359882
7/1-1,7,16242,334.31279956,2802.9447996,7,1.070373106760251,17982,0.9032365699032365
7/1-2 S,7,2041,2859.9924,3170.0724,3,1.3194512493875552,19586,0.10420708669457776
