embargo_m,subsample_seed,n_train,n_val,n_test,n_train_wells_ref,n_val_wells,macro_f1,worst_well_f1,class_prior_tv,pipeline_version,config_path,config_hash,git_commit,git_dirty,hash_labeled_parquet,run_utc,train_val_disjoint
0.0,0,986098,224446,55208,83,18,0.43438611372491864,0.1518087058066357,0.1453938150633518,r3_fullcurve_stats_20260930,configs/paper_r3_release.yaml,8602348e06353cc9206350443624798d5847f2b7c61da21aef3aff0e7652942c,afba791761fa851108ec51feb78460850ee73214,False,43041111a78dd4726423d9f43fb9a3cc00d7284ebd9c49071c459697b99c0e87,2026-10-01T05:16:45Z,True
0.0,1,986098,224446,55208,83,18,0.41903325744847536,0.14087038686442319,0.1452285170909393,r3_fullcurve_stats_20260930,configs/paper_r3_release.yaml,8602348e06353cc9206350443624798d5847f2b7c61da21aef3aff0e7652942c,afba791761fa851108ec51feb78460850ee73214,False,43041111a78dd4726423d9f43fb9a3cc00d7284ebd9c49071c459697b99c0e87,2026-10-01T05:16:45Z,True
0.0,2,986098,224446,55208,83,18,0.4327496363804353,0.13334126055922776,0.14556823991767662,r3_fullcurve_stats_20260930,configs/paper_r3_release.yaml,8602348e06353cc9206350443624798d5847f2b7c61da21aef3aff0e7652942c,afba791761fa851108ec51feb78460850ee73214,False,43041111a78dd4726423d9f43fb9a3cc00d7284ebd9c49071c459697b99c0e87,2026-10-01T05:16:45Z,True
0.0,3,986098,224446,55208,83,18,0.427637833379663,0.15405730733137246,0.14507538829441,r3_fullcurve_stats_20260930,configs/paper_r3_release.yaml,8602348e06353cc9206350443624798d5847f2b7c61da21aef3aff0e7652942c,afba791761fa851108ec51feb78460850ee73214,False,43041111a78dd4726423d9f43fb9a3cc00d7284ebd9c49071c459697b99c0e87,2026-10-01T05:16:45Z,True
0.0,4,986098,224446,55208,83,18,0.4179138107234029,0.13577017102979544,0.14538975867139078,r3_fullcurve_stats_20260930,configs/paper_r3_release.yaml,8602348e06353cc9206350443624798d5847f2b7c61da21aef3aff0e7652942c,afba791761fa851108ec51feb78460850ee73214,False,43041111a78dd4726423d9f43fb9a3cc00d7284ebd9c49071c459697b99c0e87,2026-10-01T05:16:45Z,True
0.0,5,986098,224446,55208,83,18,0.4242563627314252,0.15503801349412194,0.14584306047303727,r3_fullcurve_stats_20260930,configs/paper_r3_release.yaml,8602348e06353cc9206350443624798d5847f2b7c61da21aef3aff0e7652942c,afba791761fa851108ec51feb78460850ee73214,False,43041111a78dd4726423d9f43fb9a3cc00d7284ebd9c49071c459697b99c0e87,2026-10-01T05:16:45Z,True
0.0,6,986098,224446,55208,83,18,0.42265293995411335,0.15067142779588724,0.14538671637741998,r3_fullcurve_stats_20260930,configs/paper_r3_release.yaml,8602348e06353cc9206350443624798d5847f2b7c61da21aef3aff0e7652942c,afba791761fa851108ec51feb78460850ee73214,False,43041111a78dd4726423d9f43fb9a3cc00d7284ebd9c49071c459697b99c0e87,2026-10-01T05:16:45Z,True
0.0,7,986098,224446,55208,83,18,0.42239351884550347,0.15203225313953156,0.14521026332711462,r3_fullcurve_stats_20260930,configs/paper_r3_release.yaml,8602348e06353cc9206350443624798d5847f2b7c61da21aef3aff0e7652942c,afba791761fa851108ec51feb78460850ee73214,False,43041111a78dd4726423d9f43fb9a3cc00d7284ebd9c49071c459697b99c0e87,2026-10-01T05:16:45Z,True
0.0,8,986098,224446,55208,83,18,0.4236654856707022,0.14965988637367167,0.14533702557589726,r3_fullcurve_stats_20260930,configs/paper_r3_release.yaml,8602348e06353cc9206350443624798d5847f2b7c61da21aef3aff0e7652942c,afba791761fa851108ec51feb78460850ee73214,False,43041111a78dd4726423d9f43fb9a3cc00d7284ebd9c49071c459697b99c0e87,2026-10-01T05:16:45Z,True
0.0,9,986098,224446,55208,83,18,0.4204131096444949,0.14110567414656694,0.1450155565129846,r3_fullcurve_stats_20260930,configs/paper_r3_release.yaml,8602348e06353cc9206350443624798d5847f2b7c61da21aef3aff0e7652942c,afba791761fa851108ec51feb78460850ee73214,False,43041111a78dd4726423d9f43fb9a3cc00d7284ebd9c49071c459697b99c0e87,2026-10-01T05:16:45Z,True
1.0,0,986098,224446,55208,83,18,0.4153820364160482,0.14428658380934567,0.14534818065379007,r3_fullcurve_stats_20260930,configs/paper_r3_release.yaml,8602348e06353cc9206350443624798d5847f2b7c61da21aef3aff0e7652942c,afba791761fa851108ec51feb78460850ee73214,False,43041111a78dd4726423d9f43fb9a3cc00d7284ebd9c49071c459697b99c0e87,2026-10-01T05:16:45Z,True
1.0,1,986098,224446,55208,83,18,0.4084669676120202,0.1310247923562106,0.1454465481588454,r3_fullcurve_stats_20260930,configs/paper_r3_release.yaml,8602348e06353cc9206350443624798d5847f2b7c61da21aef3aff0e7652942c,afba791761fa851108ec51feb78460850ee73214,False,43041111a78dd4726423d9f43fb9a3cc00d7284ebd9c49071c459697b99c0e87,2026-10-01T05:16:45Z,True
1.0,2,986098,224446,55208,83,18,0.4212658032438449,0.14338985041271285,0.14522040430701727,r3_fullcurve_stats_20260930,configs/paper_r3_release.yaml,8602348e06353cc9206350443624798d5847f2b7c61da21aef3aff0e7652942c,afba791761fa851108ec51feb78460850ee73214,False,43041111a78dd4726423d9f43fb9a3cc00d7284ebd9c49071c459697b99c0e87,2026-10-01T05:16:45Z,True
1.0,3,986098,224446,55208,83,18,0.40536908937865157,0.12353577389562702,0.14545466094276743,r3_fullcurve_stats_20260930,configs/paper_r3_release.yaml,8602348e06353cc9206350443624798d5847f2b7c61da21aef3aff0e7652942c,afba791761fa851108ec51feb78460850ee73214,False,43041111a78dd4726423d9f43fb9a3cc00d7284ebd9c49071c459697b99c0e87,2026-10-01T05:16:45Z,True
1.0,4,986098,224446,55208,83,18,0.4208060733825806,0.15474364291171014,0.14578627098558264,r3_fullcurve_stats_20260930,configs/paper_r3_release.yaml,8602348e06353cc9206350443624798d5847f2b7c61da21aef3aff0e7652942c,afba791761fa851108ec51feb78460850ee73214,False,43041111a78dd4726423d9f43fb9a3cc00d7284ebd9c49071c459697b99c0e87,2026-10-01T05:16:45Z,True
1.0,5,986098,224446,55208,83,18,0.4187298238770246,0.1504491485127865,0.14545668913874796,r3_fullcurve_stats_20260930,configs/paper_r3_release.yaml,8602348e06353cc9206350443624798d5847f2b7c61da21aef3aff0e7652942c,afba791761fa851108ec51feb78460850ee73214,False,43041111a78dd4726423d9f43fb9a3cc00d7284ebd9c49071c459697b99c0e87,2026-10-01T05:16:45Z,True
1.0,6,986098,224446,55208,83,18,0.41660695324979596,0.1290650854172739,0.14557736679958896,r3_fullcurve_stats_20260930,configs/paper_r3_release.yaml,8602348e06353cc9206350443624798d5847f2b7c61da21aef3aff0e7652942c,afba791761fa851108ec51feb78460850ee73214,False,43041111a78dd4726423d9f43fb9a3cc00d7284ebd9c49071c459697b99c0e87,2026-10-01T05:16:45Z,True
1.0,7,986098,224446,55208,83,18,0.4188359838418167,0.12265917602996254,0.1452883488723647,r3_fullcurve_stats_20260930,configs/paper_r3_release.yaml,8602348e06353cc9206350443624798d5847f2b7c61da21aef3aff0e7652942c,afba791761fa851108ec51feb78460850ee73214,False,43041111a78dd4726423d9f43fb9a3cc00d7284ebd9c49071c459697b99c0e87,2026-10-01T05:16:45Z,True
1.0,8,986098,224446,55208,83,18,0.4200124697797655,0.14075842989873683,0.14518998136730946,r3_fullcurve_stats_20260930,configs/paper_r3_release.yaml,8602348e06353cc9206350443624798d5847f2b7c61da21aef3aff0e7652942c,afba791761fa851108ec51feb78460850ee73214,False,43041111a78dd4726423d9f43fb9a3cc00d7284ebd9c49071c459697b99c0e87,2026-10-01T05:16:45Z,True
1.0,9,986098,224446,55208,83,18,0.417092462413421,0.12314020953823981,0.14559562056341369,r3_fullcurve_stats_20260930,configs/paper_r3_release.yaml,8602348e06353cc9206350443624798d5847f2b7c61da21aef3aff0e7652942c,afba791761fa851108ec51feb78460850ee73214,False,43041111a78dd4726423d9f43fb9a3cc00d7284ebd9c49071c459697b99c0e87,2026-10-01T05:16:45Z,True
5.0,0,986098,224446,55208,83,18,0.4268799597948087,0.1398281268299366,0.14522446069897832,r3_fullcurve_stats_20260930,configs/paper_r3_release.yaml,8602348e06353cc9206350443624798d5847f2b7c61da21aef3aff0e7652942c,afba791761fa851108ec51feb78460850ee73214,False,43041111a78dd4726423d9f43fb9a3cc00d7284ebd9c49071c459697b99c0e87,2026-10-01T05:16:45Z,True
5.0,1,986098,224446,55208,83,18,0.4204255882089769,0.13609577540051998,0.14524068626682243,r3_fullcurve_stats_20260930,configs/paper_r3_release.yaml,8602348e06353cc9206350443624798d5847f2b7c61da21aef3aff0e7652942c,afba791761fa851108ec51feb78460850ee73214,False,43041111a78dd4726423d9f43fb9a3cc00d7284ebd9c49071c459697b99c0e87,2026-10-01T05:16:45Z,True
5.0,2,986098,224446,55208,83,18,0.4241423930288929,0.14198023176550784,0.14535426524173167,r3_fullcurve_stats_20260930,configs/paper_r3_release.yaml,8602348e06353cc9206350443624798d5847f2b7c61da21aef3aff0e7652942c,afba791761fa851108ec51feb78460850ee73214,False,43041111a78dd4726423d9f43fb9a3cc00d7284ebd9c49071c459697b99c0e87,2026-10-01T05:16:45Z,True
5.0,3,986098,224446,55208,83,18,0.42113282075001085,0.13128251998698579,0.14518795317132893,r3_fullcurve_stats_20260930,configs/paper_r3_release.yaml,8602348e06353cc9206350443624798d5847f2b7c61da21aef3aff0e7652942c,afba791761fa851108ec51feb78460850ee73214,False,43041111a78dd4726423d9f43fb9a3cc00d7284ebd9c49071c459697b99c0e87,2026-10-01T05:16:45Z,True
5.0,4,986098,224446,55208,83,18,0.4110804334679424,0.14492893528308834,0.1456199589151799,r3_fullcurve_stats_20260930,configs/paper_r3_release.yaml,8602348e06353cc9206350443624798d5847f2b7c61da21aef3aff0e7652942c,afba791761fa851108ec51feb78460850ee73214,False,43041111a78dd4726423d9f43fb9a3cc00d7284ebd9c49071c459697b99c0e87,2026-10-01T05:16:45Z,True
5.0,5,986098,224446,55208,83,18,0.42667898535822546,0.15159156976744187,0.14503786666877033,r3_fullcurve_stats_20260930,configs/paper_r3_release.yaml,8602348e06353cc9206350443624798d5847f2b7c61da21aef3aff0e7652942c,afba791761fa851108ec51feb78460850ee73214,False,43041111a78dd4726423d9f43fb9a3cc00d7284ebd9c49071c459697b99c0e87,2026-10-01T05:16:45Z,True
5.0,6,986098,224446,55208,83,18,0.42445128678569893,0.1342442028288271,0.14535933573168294,r3_fullcurve_stats_20260930,configs/paper_r3_release.yaml,8602348e06353cc9206350443624798d5847f2b7c61da21aef3aff0e7652942c,afba791761fa851108ec51feb78460850ee73214,False,43041111a78dd4726423d9f43fb9a3cc00d7284ebd9c49071c459697b99c0e87,2026-10-01T05:16:45Z,True
5.0,7,986098,224446,55208,83,18,0.4236829195710407,0.15717685937407794,0.145507394038261,r3_fullcurve_stats_20260930,configs/paper_r3_release.yaml,8602348e06353cc9206350443624798d5847f2b7c61da21aef3aff0e7652942c,afba791761fa851108ec51feb78460850ee73214,False,43041111a78dd4726423d9f43fb9a3cc00d7284ebd9c49071c459697b99c0e87,2026-10-01T05:16:45Z,True
5.0,8,986098,224446,55208,83,18,0.41290624328742986,0.13699634303098912,0.1452619823246179,r3_fullcurve_stats_20260930,configs/paper_r3_release.yaml,8602348e06353cc9206350443624798d5847f2b7c61da21aef3aff0e7652942c,afba791761fa851108ec51feb78460850ee73214,False,43041111a78dd4726423d9f43fb9a3cc00d7284ebd9c49071c459697b99c0e87,2026-10-01T05:16:45Z,True
5.0,9,986098,224446,55208,83,18,0.4192477720651603,0.12157546330848439,0.14540091374928368,r3_fullcurve_stats_20260930,configs/paper_r3_release.yaml,8602348e06353cc9206350443624798d5847f2b7c61da21aef3aff0e7652942c,afba791761fa851108ec51feb78460850ee73214,False,43041111a78dd4726423d9f43fb9a3cc00d7284ebd9c49071c459697b99c0e87,2026-10-01T05:16:45Z,True
10.0,0,986098,224446,55208,83,18,0.4060301694868903,0.12256223051809403,0.14531877181207253,r3_fullcurve_stats_20260930,configs/paper_r3_release.yaml,8602348e06353cc9206350443624798d5847f2b7c61da21aef3aff0e7652942c,afba791761fa851108ec51feb78460850ee73214,False,43041111a78dd4726423d9f43fb9a3cc00d7284ebd9c49071c459697b99c0e87,2026-10-01T05:16:45Z,True
10.0,1,986098,224446,55208,83,18,0.43599338220581857,0.12674111588557924,0.14572643920415732,r3_fullcurve_stats_20260930,configs/paper_r3_release.yaml,8602348e06353cc9206350443624798d5847f2b7c61da21aef3aff0e7652942c,afba791761fa851108ec51feb78460850ee73214,False,43041111a78dd4726423d9f43fb9a3cc00d7284ebd9c49071c459697b99c0e87,2026-10-01T05:16:45Z,True
10.0,2,986098,224446,55208,83,18,0.43491171000262235,0.14523495307312984,0.14520722103314387,r3_fullcurve_stats_20260930,configs/paper_r3_release.yaml,8602348e06353cc9206350443624798d5847f2b7c61da21aef3aff0e7652942c,afba791761fa851108ec51feb78460850ee73214,False,43041111a78dd4726423d9f43fb9a3cc00d7284ebd9c49071c459697b99c0e87,2026-10-01T05:16:45Z,True
10.0,3,986098,224446,55208,83,18,0.4184584647117986,0.11950983860466916,0.14536744851560507,r3_fullcurve_stats_20260930,configs/paper_r3_release.yaml,8602348e06353cc9206350443624798d5847f2b7c61da21aef3aff0e7652942c,afba791761fa851108ec51feb78460850ee73214,False,43041111a78dd4726423d9f43fb9a3cc00d7284ebd9c49071c459697b99c0e87,2026-10-01T05:16:45Z,True
10.0,4,986098,224446,55208,83,18,0.42242396692952494,0.14535370843353282,0.14561083203326758,r3_fullcurve_stats_20260930,configs/paper_r3_release.yaml,8602348e06353cc9206350443624798d5847f2b7c61da21aef3aff0e7652942c,afba791761fa851108ec51feb78460850ee73214,False,43041111a78dd4726423d9f43fb9a3cc00d7284ebd9c49071c459697b99c0e87,2026-10-01T05:16:45Z,True
10.0,5,986098,224446,55208,83,18,0.4143202969210841,0.14199106908326767,0.14535020884977062,r3_fullcurve_stats_20260930,configs/paper_r3_release.yaml,8602348e06353cc9206350443624798d5847f2b7c61da21aef3aff0e7652942c,afba791761fa851108ec51feb78460850ee73214,False,43041111a78dd4726423d9f43fb9a3cc00d7284ebd9c49071c459697b99c0e87,2026-10-01T05:16:45Z,True
10.0,6,986098,224446,55208,83,18,0.4200979966114523,0.15609138636184886,0.14557026811365717,r3_fullcurve_stats_20260930,configs/paper_r3_release.yaml,8602348e06353cc9206350443624798d5847f2b7c61da21aef3aff0e7652942c,afba791761fa851108ec51feb78460850ee73214,False,43041111a78dd4726423d9f43fb9a3cc00d7284ebd9c49071c459697b99c0e87,2026-10-01T05:16:45Z,True
10.0,7,986098,224446,55208,83,18,0.4192322424531493,0.13586771574995576,0.14536846261359532,r3_fullcurve_stats_20260930,configs/paper_r3_release.yaml,8602348e06353cc9206350443624798d5847f2b7c61da21aef3aff0e7652942c,afba791761fa851108ec51feb78460850ee73214,False,43041111a78dd4726423d9f43fb9a3cc00d7284ebd9c49071c459697b99c0e87,2026-10-01T05:16:45Z,True
10.0,8,986098,224446,55208,83,18,0.4049445510786174,0.12568204554940826,0.14549015437242654,r3_fullcurve_stats_20260930,configs/paper_r3_release.yaml,8602348e06353cc9206350443624798d5847f2b7c61da21aef3aff0e7652942c,afba791761fa851108ec51feb78460850ee73214,False,43041111a78dd4726423d9f43fb9a3cc00d7284ebd9c49071c459697b99c0e87,2026-10-01T05:16:45Z,True
10.0,9,986098,224446,55208,83,18,0.4212833011547838,0.1261028065477004,0.14531167312614068,r3_fullcurve_stats_20260930,configs/paper_r3_release.yaml,8602348e06353cc9206350443624798d5847f2b7c61da21aef3aff0e7652942c,afba791761fa851108ec51feb78460850ee73214,False,43041111a78dd4726423d9f43fb9a3cc00d7284ebd9c49071c459697b99c0e87,2026-10-01T05:16:45Z,True
20.0,0,986098,224446,55208,83,18,0.41072383763024745,0.08346918813172481,0.14525589773667635,r3_fullcurve_stats_20260930,configs/paper_r3_release.yaml,8602348e06353cc9206350443624798d5847f2b7c61da21aef3aff0e7652942c,afba791761fa851108ec51feb78460850ee73214,False,43041111a78dd4726423d9f43fb9a3cc00d7284ebd9c49071c459697b99c0e87,2026-10-01T05:16:45Z,True
20.0,1,986098,224446,55208,83,18,0.41958951630118424,0.09859398658879515,0.14555809893777402,r3_fullcurve_stats_20260930,configs/paper_r3_release.yaml,8602348e06353cc9206350443624798d5847f2b7c61da21aef3aff0e7652942c,afba791761fa851108ec51feb78460850ee73214,False,43041111a78dd4726423d9f43fb9a3cc00d7284ebd9c49071c459697b99c0e87,2026-10-01T05:16:45Z,True
20.0,2,986098,224446,55208,83,18,0.41242339071489365,0.10627360217601792,0.1452883488723647,r3_fullcurve_stats_20260930,configs/paper_r3_release.yaml,8602348e06353cc9206350443624798d5847f2b7c61da21aef3aff0e7652942c,afba791761fa851108ec51feb78460850ee73214,False,43041111a78dd4726423d9f43fb9a3cc00d7284ebd9c49071c459697b99c0e87,2026-10-01T05:16:45Z,True
20.0,3,986098,224446,55208,83,18,0.4101675634667016,0.12965051208953646,0.14526603871657898,r3_fullcurve_stats_20260930,configs/paper_r3_release.yaml,8602348e06353cc9206350443624798d5847f2b7c61da21aef3aff0e7652942c,afba791761fa851108ec51feb78460850ee73214,False,43041111a78dd4726423d9f43fb9a3cc00d7284ebd9c49071c459697b99c0e87,2026-10-01T05:16:45Z,True
20.0,4,986098,224446,55208,83,18,0.4080213452443296,0.09693120800867709,0.1453045744402089,r3_fullcurve_stats_20260930,configs/paper_r3_release.yaml,8602348e06353cc9206350443624798d5847f2b7c61da21aef3aff0e7652942c,afba791761fa851108ec51feb78460850ee73214,False,43041111a78dd4726423d9f43fb9a3cc00d7284ebd9c49071c459697b99c0e87,2026-10-01T05:16:45Z,True
20.0,5,986098,224446,55208,83,18,0.41074947669852635,0.08895240322879168,0.1455002953523292,r3_fullcurve_stats_20260930,configs/paper_r3_release.yaml,8602348e06353cc9206350443624798d5847f2b7c61da21aef3aff0e7652942c,afba791761fa851108ec51feb78460850ee73214,False,43041111a78dd4726423d9f43fb9a3cc00d7284ebd9c49071c459697b99c0e87,2026-10-01T05:16:45Z,True
20.0,6,986098,224446,55208,83,18,0.4082932170935555,0.11801339078687793,0.1457548339478846,r3_fullcurve_stats_20260930,configs/paper_r3_release.yaml,8602348e06353cc9206350443624798d5847f2b7c61da21aef3aff0e7652942c,afba791761fa851108ec51feb78460850ee73214,False,43041111a78dd4726423d9f43fb9a3cc00d7284ebd9c49071c459697b99c0e87,2026-10-01T05:16:45Z,True
20.0,7,986098,224446,55208,83,18,0.40590435502376626,0.11597952134221565,0.14542626619904017,r3_fullcurve_stats_20260930,configs/paper_r3_release.yaml,8602348e06353cc9206350443624798d5847f2b7c61da21aef3aff0e7652942c,afba791761fa851108ec51feb78460850ee73214,False,43041111a78dd4726423d9f43fb9a3cc00d7284ebd9c49071c459697b99c0e87,2026-10-01T05:16:45Z,True
20.0,8,986098,224446,55208,83,18,0.40592446229925516,0.09408448519516119,0.14543843537492324,r3_fullcurve_stats_20260930,configs/paper_r3_release.yaml,8602348e06353cc9206350443624798d5847f2b7c61da21aef3aff0e7652942c,afba791761fa851108ec51feb78460850ee73214,False,43041111a78dd4726423d9f43fb9a3cc00d7284ebd9c49071c459697b99c0e87,2026-10-01T05:16:45Z,True
20.0,9,986098,224446,55208,83,18,0.4115762148984807,0.11716681382250833,0.14560880383728705,r3_fullcurve_stats_20260930,configs/paper_r3_release.yaml,8602348e06353cc9206350443624798d5847f2b7c61da21aef3aff0e7652942c,afba791761fa851108ec51feb78460850ee73214,False,43041111a78dd4726423d9f43fb9a3cc00d7284ebd9c49071c459697b99c0e87,2026-10-01T05:16:45Z,True
