macro_f1_pooled,worst_well_true,worst_well_fixed,well_mean_true,well_mean_fixed,worst_well_id_true,worst_well_id_fixed,n_test_wells,n_fixed_labels,n_features,seed,method,feat_mode,use_relative_depth,seconds
0.4039949436263344,0.14410015740194013,0.07860008585560371,0.378048487171704,0.2217760856725877,31/5-4 S,31/5-4 S,17,11,32,42,Global-LGBM,global,False,121.1
0.41132546206357484,0.21688390139533245,0.11830030985199952,0.4324617728753123,0.25212348340278323,31/5-4 S,31/5-4 S,17,11,49,42,Hybrid,hybrid,True,132.6
0.4164229636676805,0.2518157593207054,0.1265706496043495,0.41547247000962395,0.2211081839524477,34/10-19,32/2-1,17,12,32,43,Global-LGBM,global,False,104.4
0.4670251461016934,0.25189294882307384,0.12594647441153695,0.4310381590442558,0.23151897500007346,34/4-10 R,34/4-10 R,17,12,49,43,Hybrid,hybrid,True,142.1
0.37019520476750944,0.1044039163053273,0.07593012094932895,0.386375562549976,0.22506273480742123,17/4-1,17/4-1,17,11,32,44,Global-LGBM,global,False,82.8
0.3426706959630966,0.14935323477280565,0.11308136983523263,0.4080165996153546,0.23944107939176315,16/11-1 ST3,17/4-1,17,11,49,44,Hybrid,hybrid,True,127.9
0.29115631741372877,0.23177985132741258,0.10535447787609663,0.38991086147026843,0.21842315002219928,16/1-2,16/1-2,17,11,32,45,Global-LGBM,global,False,103.0
0.34847363278802485,0.13207489038095202,0.06003404108225092,0.41825445562657804,0.2377697541258574,16/1-2,16/1-2,17,11,49,45,Hybrid,hybrid,True,129.6
0.40371015659315734,0.23795811940449338,0.12979533785699637,0.42172465855927777,0.2443243612826955,31/5-4 S,31/5-4 S,17,11,48,42,Hybrid-no-reldepth,hybrid,False,122.1
