method,mean,std,count,selection
lgbm_global,0.3622337657984412,0.07047558183016582,6,primary
lgbm_hybrid,0.41610890724111366,0.1269643567616741,6,primary
lgbm_hybrid_plus,0.4054788197274534,0.12325338824418851,6,primary
lgbm_hybrid_sim,0.4061022430334596,0.11950089946646034,6,primary
lgbm_hybrid_smooth,0.4201284391732289,0.1335784736611513,6,primary
lgbm_wellnorm,0.34476883550577764,0.12666096727703596,6,primary
mlp_coral_uda,0.0390742100521686,0.01664030893915868,6,primary
mlp_source_only,0.31933425372251856,0.08724450960802425,6,primary
rf_global,0.3706661494391971,0.06313341623011123,6,primary
lgbm_global,0.3420333728001663,0.15519365240441746,6,spaced_alt
lgbm_hybrid,0.3702414347603615,0.09286595288034709,6,spaced_alt
lgbm_hybrid_plus,0.40608081420972203,0.09637652323774418,6,spaced_alt
lgbm_hybrid_smooth,0.37552224032973197,0.09939758135235285,6,spaced_alt
lgbm_wellnorm,0.36192790829087224,0.0871547809314288,6,spaced_alt
rf_global,0.3609315293191397,0.15852010440957995,6,spaced_alt
