protocol,seed,target_well,method,macro_f1,worst_well_f1,accuracy,pipeline_version
protocol3_lowo,42,15/9-23,lgbm_global,0.45691211982379254,0.45691211982379254,0.7880321793365271,r3_fullcurve_stats_20260926
protocol3_lowo,42,15/9-23,lgbm_global_eq120k,0.46601125462740023,0.46601125462740023,0.7926421404682275,r3_fullcurve_stats_20260926
protocol3_lowo,42,15/9-23,rf_global,0.4509352696019298,0.4509352696019298,0.7956250564946217,r3_fullcurve_stats_20260926
protocol3_lowo,42,15/9-23,lgbm_wellnorm,0.5663786928414875,0.5663786928414875,0.8560065081804212,r3_fullcurve_stats_20260926
protocol3_lowo,42,15/9-23,lgbm_hybrid,0.6073036770980117,0.6073036770980117,0.8521196782066347,r3_fullcurve_stats_20260926
protocol3_lowo,42,15/9-23,lgbm_hybrid_norel,0.5930485802802509,0.5930485802802509,0.8549218114435506,r3_fullcurve_stats_20260926
protocol3_lowo,42,15/9-23,lgbm_hybrid_while,0.5157221516592645,0.5157221516592645,0.8102684624423755,r3_fullcurve_stats_20260926
protocol3_lowo,42,15/9-23,lgbm_hybrid_smooth,0.6031729726159474,0.6031729726159474,0.8517581126276779,r3_fullcurve_stats_20260926
protocol3_lowo,42,15/9-23,mlp_source_only,0.44932659980898937,0.44932659980898937,0.7747446443098617,r3_fullcurve_stats_20260926
protocol3_lowo,42,17/11-1,lgbm_global,0.43055542800243063,0.43055542800243063,0.7382456838648689,r3_fullcurve_stats_20260926
protocol3_lowo,42,17/11-1,lgbm_global_eq120k,0.42289388247049,0.42289388247049,0.7229215383849943,r3_fullcurve_stats_20260926
protocol3_lowo,42,17/11-1,rf_global,0.4045491281364878,0.4045491281364878,0.6848599432807603,r3_fullcurve_stats_20260926
protocol3_lowo,42,17/11-1,lgbm_wellnorm,0.31217799519900574,0.31217799519900574,0.632121001044828,r3_fullcurve_stats_20260926
protocol3_lowo,42,17/11-1,lgbm_hybrid,0.40478342718310917,0.40478342718310917,0.7168018309368626,r3_fullcurve_stats_20260926
protocol3_lowo,42,17/11-1,lgbm_hybrid_norel,0.3380246248593062,0.3380246248593062,0.6536146076919249,r3_fullcurve_stats_20260926
protocol3_lowo,42,17/11-1,lgbm_hybrid_while,0.39300692326055287,0.39300692326055287,0.6752077217772029,r3_fullcurve_stats_20260926
protocol3_lowo,42,17/11-1,lgbm_hybrid_smooth,0.3962860723115087,0.3962860723115087,0.7181949350713965,r3_fullcurve_stats_20260926
protocol3_lowo,42,17/11-1,mlp_source_only,0.35213912367859224,0.35213912367859224,0.704064878849694,r3_fullcurve_stats_20260926
protocol3_lowo,42,29/3-1,lgbm_global,0.36012981997517424,0.36012981997517424,0.2989716268120431,r3_fullcurve_stats_20260926
protocol3_lowo,42,29/3-1,lgbm_global_eq120k,0.35328482391394483,0.35328482391394483,0.3155742782802627,r3_fullcurve_stats_20260926
protocol3_lowo,42,29/3-1,rf_global,0.4151925133386848,0.4151925133386848,0.3746334613637302,r3_fullcurve_stats_20260926
protocol3_lowo,42,29/3-1,lgbm_wellnorm,0.45107044384966544,0.45107044384966544,0.6555156320984595,r3_fullcurve_stats_20260926
protocol3_lowo,42,29/3-1,lgbm_hybrid,0.4202490451270609,0.4202490451270609,0.6087225870400198,r3_fullcurve_stats_20260926
protocol3_lowo,42,29/3-1,lgbm_hybrid_norel,0.46349994869651445,0.46349994869651445,0.4885805145995953,r3_fullcurve_stats_20260926
protocol3_lowo,42,29/3-1,lgbm_hybrid_while,0.39907429300177705,0.39907429300177705,0.4573576178086152,r3_fullcurve_stats_20260926
protocol3_lowo,42,29/3-1,lgbm_hybrid_smooth,0.42425466807924445,0.42425466807924445,0.616652211621856,r3_fullcurve_stats_20260926
protocol3_lowo,42,29/3-1,mlp_source_only,0.3629798293845772,0.3629798293845772,0.4385660595547846,r3_fullcurve_stats_20260926
protocol3_lowo,42,33/9-1,lgbm_global,0.27766283015302357,0.27766283015302357,0.3993517768260215,r3_fullcurve_stats_20260926
protocol3_lowo,42,33/9-1,lgbm_global_eq120k,0.3218579458102069,0.3218579458102069,0.41868271790716516,r3_fullcurve_stats_20260926
protocol3_lowo,42,33/9-1,rf_global,0.28176199935441865,0.28176199935441865,0.4002199328625998,r3_fullcurve_stats_20260926
protocol3_lowo,42,33/9-1,lgbm_wellnorm,0.3729271096701865,0.3729271096701865,0.5816645445074662,r3_fullcurve_stats_20260926
protocol3_lowo,42,33/9-1,lgbm_hybrid,0.35643537750087567,0.35643537750087567,0.5258131728209283,r3_fullcurve_stats_20260926
protocol3_lowo,42,33/9-1,lgbm_hybrid_norel,0.31739811323940037,0.31739811323940037,0.45919666628081957,r3_fullcurve_stats_20260926
protocol3_lowo,42,33/9-1,lgbm_hybrid_while,0.3440034078337633,0.3440034078337633,0.48003241115869894,r3_fullcurve_stats_20260926
protocol3_lowo,42,33/9-1,lgbm_hybrid_smooth,0.35946169821951557,0.35946169821951557,0.5289964116217155,r3_fullcurve_stats_20260926
protocol3_lowo,42,33/9-1,mlp_source_only,0.2060652754076582,0.2060652754076582,0.4117374696145387,r3_fullcurve_stats_20260926
protocol3_lowo,42,34/10-16 R,lgbm_global,0.3296654062669676,0.3296654062669676,0.5146045028890217,r3_fullcurve_stats_20260926
protocol3_lowo,42,34/10-16 R,lgbm_global_eq120k,0.3681163095309704,0.3681163095309704,0.6147041243275553,r3_fullcurve_stats_20260926
protocol3_lowo,42,34/10-16 R,rf_global,0.3387099475794683,0.3387099475794683,0.6133094241880853,r3_fullcurve_stats_20260926
protocol3_lowo,42,34/10-16 R,lgbm_wellnorm,0.3059701680379238,0.3059701680379238,0.7011356843992828,r3_fullcurve_stats_20260926
protocol3_lowo,42,34/10-16 R,lgbm_hybrid,0.3717418626701991,0.3717418626701991,0.7487547320183303,r3_fullcurve_stats_20260926
protocol3_lowo,42,34/10-16 R,lgbm_hybrid_norel,0.4250278731779523,0.4250278731779523,0.7596333931061965,r3_fullcurve_stats_20260926
protocol3_lowo,42,34/10-16 R,lgbm_hybrid_while,0.4617519626013225,0.4617519626013225,0.7325363618250648,r3_fullcurve_stats_20260926
protocol3_lowo,42,34/10-16 R,lgbm_hybrid_smooth,0.3734831697477431,0.3734831697477431,0.7584379358437936,r3_fullcurve_stats_20260926
protocol3_lowo,42,34/10-16 R,mlp_source_only,0.2952014699860864,0.2952014699860864,0.5839410241083881,r3_fullcurve_stats_20260926
protocol3_lowo,42,7/1-1,lgbm_global,0.3051390786571389,0.3051390786571389,0.4825760374338135,r3_fullcurve_stats_20260926
protocol3_lowo,42,7/1-1,lgbm_global_eq120k,0.2721198162894489,0.2721198162894489,0.504432951606945,r3_fullcurve_stats_20260926
protocol3_lowo,42,7/1-1,rf_global,0.3328480386241932,0.3328480386241932,0.6648196034971062,r3_fullcurve_stats_20260926
protocol3_lowo,42,7/1-1,lgbm_wellnorm,0.2783111453992776,0.2783111453992776,0.7334072158601157,r3_fullcurve_stats_20260926
protocol3_lowo,42,7/1-1,lgbm_hybrid,0.3563391433650788,0.3563391433650788,0.8464474818372122,r3_fullcurve_stats_20260926
protocol3_lowo,42,7/1-1,lgbm_hybrid_norel,0.3816792643653008,0.3816792643653008,0.8529122029306736,r3_fullcurve_stats_20260926
protocol3_lowo,42,7/1-1,lgbm_hybrid_while,0.3765782620865348,0.3765782620865348,0.7320527028691048,r3_fullcurve_stats_20260926
protocol3_lowo,42,7/1-1,lgbm_hybrid_smooth,0.3521206224499472,0.3521206224499472,0.8467553256988055,r3_fullcurve_stats_20260926
protocol3_lowo,42,7/1-1,mlp_source_only,0.250293224069208,0.250293224069208,0.5049870705578131,r3_fullcurve_stats_20260926
