setting,block_seed,subsample_seed,macro_f1,worst_well_f1,n_train,n_test,pipeline_version,config_hash,delta_vs_c_star
C_star,42,,0.4356759123934957,0.08006465204631048,986098,110418,r3_fullcurve_stats_20260926,29fe1b0663bc66457de0da00ee84d5ec4df6483fe78f5fd476b650795a4a3138,0.0
D_full,42,,0.4638891817001234,0.11702884586553976,1096519,110418,r3_fullcurve_stats_20260926,29fe1b0663bc66457de0da00ee84d5ec4df6483fe78f5fd476b650795a4a3138,0.02821326930662771
D_eq,42,42.0,0.45929134083672396,0.11185989321441558,986098,110418,r3_fullcurve_stats_20260926,29fe1b0663bc66457de0da00ee84d5ec4df6483fe78f5fd476b650795a4a3138,0.02361542844322828
D_eq,42,43.0,0.45326596243507333,0.11900611855569697,986098,110418,r3_fullcurve_stats_20260926,29fe1b0663bc66457de0da00ee84d5ec4df6483fe78f5fd476b650795a4a3138,0.017590050041577654
D_eq,42,44.0,0.44765157120904736,0.11348628079027297,986098,110418,r3_fullcurve_stats_20260926,29fe1b0663bc66457de0da00ee84d5ec4df6483fe78f5fd476b650795a4a3138,0.011975658815551682
D_eq,42,45.0,0.4535045958605794,0.11432282005634657,986098,110418,r3_fullcurve_stats_20260926,29fe1b0663bc66457de0da00ee84d5ec4df6483fe78f5fd476b650795a4a3138,0.017828683467083717
D_eq,42,46.0,0.4569854821224957,0.11122211810009651,986098,110418,r3_fullcurve_stats_20260926,29fe1b0663bc66457de0da00ee84d5ec4df6483fe78f5fd476b650795a4a3138,0.021309569729
D_eq,42,47.0,0.4635961781990606,0.11740004721497532,986098,110418,r3_fullcurve_stats_20260926,29fe1b0663bc66457de0da00ee84d5ec4df6483fe78f5fd476b650795a4a3138,0.027920265805564948
D_eq,42,48.0,0.4484904535587294,0.11778160960317381,986098,110418,r3_fullcurve_stats_20260926,29fe1b0663bc66457de0da00ee84d5ec4df6483fe78f5fd476b650795a4a3138,0.012814541165233728
D_eq,42,49.0,0.46625226081587917,0.12217891696087275,986098,110418,r3_fullcurve_stats_20260926,29fe1b0663bc66457de0da00ee84d5ec4df6483fe78f5fd476b650795a4a3138,0.030576348422383492
D_eq,42,50.0,0.46091877681023885,0.11316278591073754,986098,110418,r3_fullcurve_stats_20260926,29fe1b0663bc66457de0da00ee84d5ec4df6483fe78f5fd476b650795a4a3138,0.02524286441674317
D_eq,42,51.0,0.4511584098597181,0.12165799295150886,986098,110418,r3_fullcurve_stats_20260926,29fe1b0663bc66457de0da00ee84d5ec4df6483fe78f5fd476b650795a4a3138,0.015482497466222434
