method,code,class,support,f1,macro_f1
Global,30000,Sandstone,31219,0.5514663143989432,0.4039949436263344
Global,65000,Shale,138222,0.7559782630719418,0.4039949436263344
Global,65030,Sandstone/Shale,18062,0.17604312045815487,0.4039949436263344
Global,70000,Limestone,13385,0.528403168647071,0.4039949436263344
Global,70032,Chalk,2593,0.2058273188986902,0.4039949436263344
Global,74000,Dolomite,347,0.0025393600812595226,0.4039949436263344
Global,80000,Marl,8218,0.2567784312227908,0.4039949436263344
Global,86000,Anhydrite,298,0.5223880597014925,0.4039949436263344
Global,88000,Halite,3899,0.935728928011576,0.4039949436263344
Global,90000,Coal,871,0.3303603282197645,0.4039949436263344
Global,99000,Tuff,3725,0.17843108717799447,0.4039949436263344
Hybrid,30000,Sandstone,31219,0.6519497360214888,0.41132546206357484
Hybrid,65000,Shale,138222,0.7917050984383448,0.41132546206357484
Hybrid,65030,Sandstone/Shale,18062,0.2404231263055018,0.41132546206357484
Hybrid,70000,Limestone,13385,0.6236019831661478,0.41132546206357484
Hybrid,70032,Chalk,2593,0.0,0.41132546206357484
Hybrid,74000,Dolomite,347,0.012616201859229747,0.41132546206357484
Hybrid,80000,Marl,8218,0.33567478702735015,0.41132546206357484
Hybrid,86000,Anhydrite,298,0.4657039711191336,0.41132546206357484
Hybrid,88000,Halite,3899,0.9346549192364171,0.41132546206357484
Hybrid,90000,Coal,871,0.30057173972229784,0.41132546206357484
Hybrid,99000,Tuff,3725,0.1676785198034114,0.41132546206357484
