seed,method,macro_f1,worst_well_f1,worst10pct_well_f1,n_test_unseen_label_kept,n_val_dropped_unseen_label,known_macro_f1,known_worst_well_f1,known_worst10pct_well_f1,pipeline_version
42,lgbm_global,0.4039949436263344,0.1441001574019401,0.1706660250567604,0,141,,,,r3_fullcurve_stats_20260930
42,lgbm_global_eq120k,0.402964745368442,0.1518306688575249,0.1576406462370162,0,141,,,,r3_fullcurve_stats_20260930
42,rf_global,0.4234712069361496,0.1690575666318853,0.1717827595000485,0,141,,,,r3_fullcurve_stats_20260930
42,rf_global_full,0.448540323690335,0.145242196451958,0.1628384699816301,0,141,,,,r3_fullcurve_stats_20260930
42,xgb_global,0.4114559127230993,0.1702316388064954,0.1861998372364834,0,141,,,,r3_fullcurve_stats_20260930
42,lgbm_wellnorm,0.2927505331469944,0.1647388634831492,0.1781784784033926,0,141,,,,r3_fullcurve_stats_20260930
42,lgbm_wellnorm_norel,0.3321592330014122,0.167496930635394,0.1959253886477195,0,141,,,,r3_fullcurve_stats_20260930
42,lgbm_hybrid,0.4113254620635748,0.2168839013953324,0.2616862472958661,0,141,,,,r3_fullcurve_stats_20260930
42,lgbm_hybrid_norel,0.4037101565931573,0.2379581194044933,0.2588455962250867,0,141,,,,r3_fullcurve_stats_20260930
42,lgbm_hybrid_while,0.4333508881567133,0.2047619295738527,0.2137064421649786,0,141,,,,r3_fullcurve_stats_20260930
42,lgbm_hybrid_smooth,0.4147117988436682,0.2210795334152703,0.2640712708314362,0,141,,,,r3_fullcurve_stats_20260930
42,lgbm_hybrid_sim,0.4086867217748114,0.2169020446026517,0.2629923246819856,0,141,,,,r3_fullcurve_stats_20260930
42,lgbm_hybrid_sim_perwell,0.4201464937831426,0.2317993185400283,0.2672988228329319,0,141,,,,r3_fullcurve_stats_20260930
42,lgbm_hybrid_plus,0.4015913886914804,0.2257397013630161,0.2658371003111346,0,141,,,,r3_fullcurve_stats_20260930
42,mlp_source_only,0.3652091105358804,0.1112369453986464,0.1610968985604229,0,141,,,,r3_fullcurve_stats_20260930
42,mlp_coral_uda,0.3118078937572976,0.06128376911544,0.103815530195514,0,141,,,,r3_fullcurve_stats_20260930
43,lgbm_global,0.4164229636676805,0.2518157593207054,0.2792703135279571,0,0,,,,r3_fullcurve_stats_20260930
43,lgbm_global_eq120k,0.4473018095567846,0.2542597107229227,0.2640780210172669,0,0,,,,r3_fullcurve_stats_20260930
43,rf_global,0.4373826093491693,0.2529350846783104,0.2869496197296437,0,0,,,,r3_fullcurve_stats_20260930
43,rf_global_full,0.4220315683328521,0.2377586310252592,0.2730606179645221,0,0,,,,r3_fullcurve_stats_20260930
43,xgb_global,0.4187079538498366,0.2497490730738539,0.2853831040178366,0,0,,,,r3_fullcurve_stats_20260930
43,lgbm_wellnorm,0.318233322157166,0.1860888016748502,0.2394482087693339,0,0,,,,r3_fullcurve_stats_20260930
43,lgbm_wellnorm_norel,0.3020957770077286,0.1787166817187389,0.2089215251034702,0,0,,,,r3_fullcurve_stats_20260930
43,lgbm_hybrid,0.4670251461016934,0.2518929488230738,0.2949248097582655,0,0,,,,r3_fullcurve_stats_20260930
43,lgbm_hybrid_norel,0.4605834108347088,0.268973606802427,0.2734078927807375,0,0,,,,r3_fullcurve_stats_20260930
43,lgbm_hybrid_while,0.4607801309197046,0.2588093444362162,0.2852069305904574,0,0,,,,r3_fullcurve_stats_20260930
43,lgbm_hybrid_smooth,0.4723211528397024,0.2479995207373949,0.2938186922812519,0,0,,,,r3_fullcurve_stats_20260930
43,lgbm_hybrid_sim,0.4062943454964307,0.265303145595331,0.3073892964370468,0,0,,,,r3_fullcurve_stats_20260930
43,lgbm_hybrid_sim_perwell,0.4382402344729347,0.2905834363450272,0.306961789583757,0,0,,,,r3_fullcurve_stats_20260930
43,lgbm_hybrid_plus,0.3621281940399591,0.2362780897770286,0.2837429464422739,0,0,,,,r3_fullcurve_stats_20260930
43,mlp_source_only,0.4187801555513983,0.1371052559271919,0.1645126607623726,0,0,,,,r3_fullcurve_stats_20260930
43,mlp_coral_uda,0.3357438115421598,0.1001694843305002,0.122417136942041,0,0,,,,r3_fullcurve_stats_20260930
44,lgbm_global,0.3256379521415229,0.0818603711314325,0.1699518542351821,10813,3899,0.3701952047675094,0.1044039163053273,0.1812236268221295,r3_fullcurve_stats_20260930
44,lgbm_global_eq120k,0.3548205281696245,0.113222496082065,0.1803951410389229,10813,3899,0.4040699577990166,0.1417386967801143,0.1946532413879476,r3_fullcurve_stats_20260930
44,rf_global,0.3663017913461201,0.1346448090423094,0.170197359437649,10813,3899,0.419124264416693,0.1633512029859665,0.1845505564094776,r3_fullcurve_stats_20260930
44,rf_global_full,0.347373522510774,0.1218144737308181,0.1628599867053327,10813,3899,0.3984025857267985,0.1494594928208289,0.1766824962503381,r3_fullcurve_stats_20260930
44,xgb_global,0.2904954486995427,0.0542376879439204,0.1405280103843362,10813,3899,0.3315444600853937,0.0743261644202159,0.160905361691339,r3_fullcurve_stats_20260930
44,lgbm_wellnorm,0.2406091123850459,0.1009354561470493,0.1028918075398545,10813,3899,0.2771107349584328,0.1242444461045728,0.1298236284234724,r3_fullcurve_stats_20260930
44,lgbm_wellnorm_norel,0.2239149556317021,0.1033868284618528,0.1053185275153754,10813,3899,0.2591775088998227,0.1196875348231124,0.1223819524355127,r3_fullcurve_stats_20260930
44,lgbm_hybrid,0.2995032981321128,0.1190591598138949,0.1265728078642377,10813,3899,0.3426706959630966,0.1493532347728056,0.1524200591481252,r3_fullcurve_stats_20260930
44,lgbm_hybrid_norel,0.2703309993495324,0.1257174117345213,0.1388397025841585,10813,3899,0.3091120071641997,0.1615675361874899,0.1654606022841463,r3_fullcurve_stats_20260930
44,lgbm_hybrid_while,0.2796460644065666,0.1731431944349492,0.1865057518319977,10813,3899,0.3250708259244685,0.1930323542921984,0.220869380432496,r3_fullcurve_stats_20260930
44,lgbm_hybrid_smooth,0.3010426171619476,0.1174013908236863,0.1261567555745356,10813,3899,0.3447141202232884,0.1503117659231663,0.1517609379730535,r3_fullcurve_stats_20260930
44,lgbm_hybrid_sim,0.2864050172028227,0.1146865451311367,0.1232185564403273,10813,3899,0.3287271982140393,0.1467675988236099,0.1488695213019048,r3_fullcurve_stats_20260930
44,lgbm_hybrid_sim_perwell,0.2803689020569442,0.1145746564675952,0.1298323518220279,10813,3899,0.3264319246696839,0.1486245065756409,0.1551027593981136,r3_fullcurve_stats_20260930
44,lgbm_hybrid_plus,0.2985961989600634,0.1075123654154773,0.1232670372007183,10813,3899,0.3424485312764291,0.1340586275290347,0.1445708430527075,r3_fullcurve_stats_20260930
44,mlp_source_only,0.2346497132663418,0.1216721620635122,0.1392135034718365,10813,3899,0.2697174122889894,0.1458718411420118,0.15844978817858,r3_fullcurve_stats_20260930
44,mlp_coral_uda,0.2141658295058997,0.0552353498367844,0.0719847647458871,10813,3899,0.2511256910333737,0.0634006216085931,0.0836269698147585,r3_fullcurve_stats_20260930
45,lgbm_global,0.2911563174137287,0.2317798513274125,0.246507329286314,0,141,,,,r3_fullcurve_stats_20260930
45,lgbm_global_eq120k,0.3282625484521659,0.273659785944018,0.2869501407471277,0,141,,,,r3_fullcurve_stats_20260930
45,rf_global,0.3846961016210155,0.1896220365284733,0.2414972056923099,0,141,,,,r3_fullcurve_stats_20260930
45,rf_global_full,0.3353515565962642,0.1733888445868553,0.2198425220771516,0,141,,,,r3_fullcurve_stats_20260930
45,xgb_global,0.3011387207473145,0.1765051587875648,0.2152534055803561,0,141,,,,r3_fullcurve_stats_20260930
45,lgbm_wellnorm,0.305230884641913,0.158213525550448,0.1880486358943792,0,141,,,,r3_fullcurve_stats_20260930
45,lgbm_wellnorm_norel,0.291465293172811,0.1839034766633579,0.2168339141269697,0,141,,,,r3_fullcurve_stats_20260930
45,lgbm_hybrid,0.3484736327880248,0.132074890380952,0.195269056434689,0,141,,,,r3_fullcurve_stats_20260930
45,lgbm_hybrid_norel,0.3394073046866593,0.1961938592420394,0.2144531550345464,0,141,,,,r3_fullcurve_stats_20260930
45,lgbm_hybrid_while,0.3423161976419491,0.20391400958339,0.2173145298639393,0,141,,,,r3_fullcurve_stats_20260930
45,lgbm_hybrid_smooth,0.3510292466944009,0.1207667324715022,0.1920716673732409,0,141,,,,r3_fullcurve_stats_20260930
45,lgbm_hybrid_sim,0.3319543714954663,0.1209452112253275,0.1813030938904713,0,141,,,,r3_fullcurve_stats_20260930
45,lgbm_hybrid_sim_perwell,0.3417723800564107,0.1743236745207113,0.2107602454614153,0,141,,,,r3_fullcurve_stats_20260930
45,lgbm_hybrid_plus,0.329913132886001,0.1285999287476436,0.1991990592756395,0,141,,,,r3_fullcurve_stats_20260930
45,mlp_source_only,0.2712435265364684,0.1663271420011983,0.1725888115296416,0,141,,,,r3_fullcurve_stats_20260930
45,mlp_coral_uda,0.3016847629949952,0.1331515903225049,0.1604434129219756,0,141,,,,r3_fullcurve_stats_20260930
