seed,method,method_key,code,class,support,f1,macro_f1_legacy,macro_f1_ccommon,in_split_report
42,Global,lgbm_global,86000,Anhydrite,298,0.5223880597014925,0.4039949436263344,0.4039949436263344,True
42,Global,lgbm_global,70032,Chalk,2593,0.2058273188986902,0.4039949436263344,0.4039949436263344,True
42,Global,lgbm_global,90000,Coal,871,0.3303603282197645,0.4039949436263344,0.4039949436263344,True
42,Global,lgbm_global,74000,Dolomite,347,0.0025393600812595226,0.4039949436263344,0.4039949436263344,True
42,Global,lgbm_global,88000,Halite,3899,0.935728928011576,0.4039949436263344,0.4039949436263344,True
42,Global,lgbm_global,70000,Limestone,13385,0.528403168647071,0.4039949436263344,0.4039949436263344,True
42,Global,lgbm_global,80000,Marl,8218,0.2567784312227908,0.4039949436263344,0.4039949436263344,True
42,Global,lgbm_global,30000,Sandstone,31219,0.5514663143989432,0.4039949436263344,0.4039949436263344,True
42,Global,lgbm_global,65030,Sandstone/Shale,18062,0.17604312045815487,0.4039949436263344,0.4039949436263344,True
42,Global,lgbm_global,65000,Shale,138222,0.7559782630719418,0.4039949436263344,0.4039949436263344,True
42,Global,lgbm_global,99000,Tuff,3725,0.17843108717799447,0.4039949436263344,0.4039949436263344,True
42,WellNorm,lgbm_wellnorm,86000,Anhydrite,298,0.2536231884057971,0.29275053314699445,0.29275053314699445,True
42,WellNorm,lgbm_wellnorm,70032,Chalk,2593,0.0,0.29275053314699445,0.29275053314699445,True
42,WellNorm,lgbm_wellnorm,90000,Coal,871,0.242776886035313,0.29275053314699445,0.29275053314699445,True
42,WellNorm,lgbm_wellnorm,74000,Dolomite,347,0.017137293086660177,0.29275053314699445,0.29275053314699445,True
42,WellNorm,lgbm_wellnorm,88000,Halite,3899,0.16617074845502403,0.29275053314699445,0.29275053314699445,True
42,WellNorm,lgbm_wellnorm,70000,Limestone,13385,0.5563855421686748,0.29275053314699445,0.29275053314699445,True
42,WellNorm,lgbm_wellnorm,80000,Marl,8218,0.275797152606189,0.29275053314699445,0.29275053314699445,True
42,WellNorm,lgbm_wellnorm,30000,Sandstone,31219,0.5780281156813556,0.29275053314699445,0.29275053314699445,True
42,WellNorm,lgbm_wellnorm,65030,Sandstone/Shale,18062,0.23530629567521685,0.29275053314699445,0.29275053314699445,True
42,WellNorm,lgbm_wellnorm,65000,Shale,138222,0.8078118414470341,0.29275053314699445,0.29275053314699445,True
42,WellNorm,lgbm_wellnorm,99000,Tuff,3725,0.08721880105567426,0.29275053314699445,0.29275053314699445,True
42,Hybrid,lgbm_hybrid,86000,Anhydrite,298,0.4657039711191336,0.41132546206357484,0.41132546206357473,True
42,Hybrid,lgbm_hybrid,70032,Chalk,2593,0.0,0.41132546206357484,0.41132546206357473,True
42,Hybrid,lgbm_hybrid,90000,Coal,871,0.30057173972229784,0.41132546206357484,0.41132546206357473,True
42,Hybrid,lgbm_hybrid,74000,Dolomite,347,0.012616201859229747,0.41132546206357484,0.41132546206357473,True
42,Hybrid,lgbm_hybrid,88000,Halite,3899,0.9346549192364171,0.41132546206357484,0.41132546206357473,True
42,Hybrid,lgbm_hybrid,70000,Limestone,13385,0.6236019831661478,0.41132546206357484,0.41132546206357473,True
42,Hybrid,lgbm_hybrid,80000,Marl,8218,0.33567478702735015,0.41132546206357484,0.41132546206357473,True
42,Hybrid,lgbm_hybrid,30000,Sandstone,31219,0.6519497360214888,0.41132546206357484,0.41132546206357473,True
42,Hybrid,lgbm_hybrid,65030,Sandstone/Shale,18062,0.2404231263055018,0.41132546206357484,0.41132546206357473,True
42,Hybrid,lgbm_hybrid,65000,Shale,138222,0.7917050984383448,0.41132546206357484,0.41132546206357473,True
42,Hybrid,lgbm_hybrid,99000,Tuff,3725,0.1676785198034114,0.41132546206357484,0.41132546206357473,True
42,Hybrid-norel,lgbm_hybrid_norel,86000,Anhydrite,298,0.46,0.40371015659315734,0.40371015659315734,True
42,Hybrid-norel,lgbm_hybrid_norel,70032,Chalk,2593,0.0,0.40371015659315734,0.40371015659315734,True
42,Hybrid-norel,lgbm_hybrid_norel,90000,Coal,871,0.335530257639305,0.40371015659315734,0.40371015659315734,True
42,Hybrid-norel,lgbm_hybrid_norel,74000,Dolomite,347,0.0029657589646805067,0.40371015659315734,0.40371015659315734,True
42,Hybrid-norel,lgbm_hybrid_norel,88000,Halite,3899,0.9350713231677324,0.40371015659315734,0.40371015659315734,True
42,Hybrid-norel,lgbm_hybrid_norel,70000,Limestone,13385,0.6264138713336574,0.40371015659315734,0.40371015659315734,True
42,Hybrid-norel,lgbm_hybrid_norel,80000,Marl,8218,0.30190114068441065,0.40371015659315734,0.40371015659315734,True
42,Hybrid-norel,lgbm_hybrid_norel,30000,Sandstone,31219,0.6346611983957058,0.40371015659315734,0.40371015659315734,True
42,Hybrid-norel,lgbm_hybrid_norel,65030,Sandstone/Shale,18062,0.20395226730310262,0.40371015659315734,0.40371015659315734,True
42,Hybrid-norel,lgbm_hybrid_norel,65000,Shale,138222,0.7896643226217016,0.40371015659315734,0.40371015659315734,True
42,Hybrid-norel,lgbm_hybrid_norel,99000,Tuff,3725,0.15065158241443505,0.40371015659315734,0.40371015659315734,True
42,Hybrid-while,lgbm_hybrid_while,86000,Anhydrite,298,0.5767918088737202,0.43335088815671335,0.43335088815671335,True
42,Hybrid-while,lgbm_hybrid_while,70032,Chalk,2593,0.13701502970989166,0.43335088815671335,0.43335088815671335,True
42,Hybrid-while,lgbm_hybrid_while,90000,Coal,871,0.38686131386861317,0.43335088815671335,0.43335088815671335,True
42,Hybrid-while,lgbm_hybrid_while,74000,Dolomite,347,0.013816925734024179,0.43335088815671335,0.43335088815671335,True
42,Hybrid-while,lgbm_hybrid_while,88000,Halite,3899,0.9359304177385765,0.43335088815671335,0.43335088815671335,True
42,Hybrid-while,lgbm_hybrid_while,70000,Limestone,13385,0.6127548412743483,0.43335088815671335,0.43335088815671335,True
42,Hybrid-while,lgbm_hybrid_while,80000,Marl,8218,0.28956077015643805,0.43335088815671335,0.43335088815671335,True
42,Hybrid-while,lgbm_hybrid_while,30000,Sandstone,31219,0.6665412881199004,0.43335088815671335,0.43335088815671335,True
42,Hybrid-while,lgbm_hybrid_while,65030,Sandstone/Shale,18062,0.15524331066201547,0.43335088815671335,0.43335088815671335,True
42,Hybrid-while,lgbm_hybrid_while,65000,Shale,138222,0.7857856817291315,0.43335088815671335,0.43335088815671335,True
42,Hybrid-while,lgbm_hybrid_while,99000,Tuff,3725,0.20655838185718664,0.43335088815671335,0.43335088815671335,True
42,Hybrid+Smooth,lgbm_hybrid_smooth,86000,Anhydrite,298,0.47924528301886793,0.4147117988436682,0.4147117988436683,True
42,Hybrid+Smooth,lgbm_hybrid_smooth,70032,Chalk,2593,0.0,0.4147117988436682,0.4147117988436683,True
42,Hybrid+Smooth,lgbm_hybrid_smooth,90000,Coal,871,0.3083356565374965,0.4147117988436682,0.4147117988436683,True
42,Hybrid+Smooth,lgbm_hybrid_smooth,74000,Dolomite,347,0.008602150537634409,0.4147117988436682,0.4147117988436683,True
42,Hybrid+Smooth,lgbm_hybrid_smooth,88000,Halite,3899,0.934960341671751,0.4147117988436682,0.4147117988436683,True
42,Hybrid+Smooth,lgbm_hybrid_smooth,70000,Limestone,13385,0.6288159111933395,0.4147117988436682,0.4147117988436683,True
42,Hybrid+Smooth,lgbm_hybrid_smooth,80000,Marl,8218,0.3349063784442076,0.4147117988436682,0.4147117988436683,True
42,Hybrid+Smooth,lgbm_hybrid_smooth,30000,Sandstone,31219,0.6549727311722532,0.4147117988436682,0.4147117988436683,True
42,Hybrid+Smooth,lgbm_hybrid_smooth,65030,Sandstone/Shale,18062,0.23885109599395313,0.4147117988436682,0.4147117988436683,True
42,Hybrid+Smooth,lgbm_hybrid_smooth,65000,Shale,138222,0.7932165521831103,0.4147117988436682,0.4147117988436683,True
42,Hybrid+Smooth,lgbm_hybrid_smooth,99000,Tuff,3725,0.17992368652773702,0.4147117988436682,0.4147117988436683,True
43,Global,lgbm_global,86000,Anhydrite,139,0.7350993377483444,0.4164229636676805,0.34070969754628405,True
43,Global,lgbm_global,70032,Chalk,0,0.0,0.4164229636676805,0.34070969754628405,False
43,Global,lgbm_global,90000,Coal,1082,0.34184397163120567,0.4164229636676805,0.34070969754628405,True
43,Global,lgbm_global,74000,Dolomite,614,0.0,0.4164229636676805,0.34070969754628405,True
43,Global,lgbm_global,88000,Halite,0,0.0,0.4164229636676805,0.34070969754628405,False
43,Global,lgbm_global,70000,Limestone,10370,0.5426177174780527,0.4164229636676805,0.34070969754628405,True
43,Global,lgbm_global,80000,Marl,4246,0.3876515607532892,0.4164229636676805,0.34070969754628405,True
43,Global,lgbm_global,30000,Sandstone,35770,0.6972408957809213,0.4164229636676805,0.34070969754628405,True
43,Global,lgbm_global,65030,Sandstone/Shale,17376,0.19300887507609496,0.4164229636676805,0.34070969754628405,True
43,Global,lgbm_global,65000,Shale,128199,0.6807965996465924,0.4164229636676805,0.34070969754628405,True
43,Global,lgbm_global,99000,Tuff,2407,0.16954771489462467,0.4164229636676805,0.34070969754628405,True
43,WellNorm,lgbm_wellnorm,86000,Anhydrite,139,0.0,0.31823332215716604,0.2603727181285903,True
43,WellNorm,lgbm_wellnorm,70032,Chalk,0,0.0,0.31823332215716604,0.2603727181285903,False
43,WellNorm,lgbm_wellnorm,90000,Coal,1082,0.35248518011855906,0.31823332215716604,0.2603727181285903,True
43,WellNorm,lgbm_wellnorm,74000,Dolomite,614,0.011004126547455296,0.31823332215716604,0.2603727181285903,True
43,WellNorm,lgbm_wellnorm,88000,Halite,0,0.0,0.31823332215716604,0.2603727181285903,False
43,WellNorm,lgbm_wellnorm,70000,Limestone,10370,0.3775393129513397,0.31823332215716604,0.2603727181285903,True
43,WellNorm,lgbm_wellnorm,80000,Marl,4246,0.2870047990966406,0.31823332215716604,0.2603727181285903,True
43,WellNorm,lgbm_wellnorm,30000,Sandstone,35770,0.6579078711723085,0.31823332215716604,0.2603727181285903,True
43,WellNorm,lgbm_wellnorm,65030,Sandstone/Shale,17376,0.22103514989641654,0.31823332215716604,0.2603727181285903,True
43,WellNorm,lgbm_wellnorm,65000,Shale,128199,0.7629925341238736,0.31823332215716604,0.2603727181285903,True
43,WellNorm,lgbm_wellnorm,99000,Tuff,2407,0.19413092550790068,0.31823332215716604,0.2603727181285903,True
43,Hybrid,lgbm_hybrid,86000,Anhydrite,139,0.8708487084870848,0.4670251461016934,0.38211148317411275,True
43,Hybrid,lgbm_hybrid,70032,Chalk,0,0.0,0.4670251461016934,0.38211148317411275,False
43,Hybrid,lgbm_hybrid,90000,Coal,1082,0.5166184971098265,0.4670251461016934,0.38211148317411275,True
43,Hybrid,lgbm_hybrid,74000,Dolomite,614,0.0,0.4670251461016934,0.38211148317411275,True
43,Hybrid,lgbm_hybrid,88000,Halite,0,0.0,0.4670251461016934,0.38211148317411275,False
43,Hybrid,lgbm_hybrid,70000,Limestone,10370,0.4577100614306042,0.4670251461016934,0.38211148317411275,True
43,Hybrid,lgbm_hybrid,80000,Marl,4246,0.3854085434537735,0.4670251461016934,0.38211148317411275,True
43,Hybrid,lgbm_hybrid,30000,Sandstone,35770,0.7327643570085346,0.4670251461016934,0.38211148317411275,True
43,Hybrid,lgbm_hybrid,65030,Sandstone/Shale,17376,0.25657565478507477,0.4670251461016934,0.38211148317411275,True
43,Hybrid,lgbm_hybrid,65000,Shale,128199,0.777141890809406,0.4670251461016934,0.38211148317411275,True
43,Hybrid,lgbm_hybrid,99000,Tuff,2407,0.20615860183093568,0.4670251461016934,0.38211148317411275,True
43,Hybrid-norel,lgbm_hybrid_norel,86000,Anhydrite,139,0.8059701492537313,0.46058341083470883,0.3768409725011254,True
43,Hybrid-norel,lgbm_hybrid_norel,70032,Chalk,0,0.0,0.46058341083470883,0.3768409725011254,False
43,Hybrid-norel,lgbm_hybrid_norel,90000,Coal,1082,0.49810279406691965,0.46058341083470883,0.3768409725011254,True
43,Hybrid-norel,lgbm_hybrid_norel,74000,Dolomite,614,0.0,0.46058341083470883,0.3768409725011254,True
43,Hybrid-norel,lgbm_hybrid_norel,88000,Halite,0,0.0,0.46058341083470883,0.3768409725011254,False
43,Hybrid-norel,lgbm_hybrid_norel,70000,Limestone,10370,0.5434337270627206,0.46058341083470883,0.3768409725011254,True
43,Hybrid-norel,lgbm_hybrid_norel,80000,Marl,4246,0.3469640644361834,0.46058341083470883,0.3768409725011254,True
43,Hybrid-norel,lgbm_hybrid_norel,30000,Sandstone,35770,0.7188578600564794,0.46058341083470883,0.3768409725011254,True
43,Hybrid-norel,lgbm_hybrid_norel,65030,Sandstone/Shale,17376,0.23009226634327012,0.46058341083470883,0.3768409725011254,True
43,Hybrid-norel,lgbm_hybrid_norel,65000,Shale,128199,0.7580847011879931,0.46058341083470883,0.3768409725011254,True
43,Hybrid-norel,lgbm_hybrid_norel,99000,Tuff,2407,0.24374513510508172,0.46058341083470883,0.3768409725011254,True
43,Hybrid-while,lgbm_hybrid_while,86000,Anhydrite,139,0.8664259927797834,0.46078013091970466,0.37700192529794024,True
43,Hybrid-while,lgbm_hybrid_while,70032,Chalk,0,0.0,0.46078013091970466,0.37700192529794024,False
43,Hybrid-while,lgbm_hybrid_while,90000,Coal,1082,0.5161759360232643,0.46078013091970466,0.37700192529794024,True
43,Hybrid-while,lgbm_hybrid_while,74000,Dolomite,614,0.002789400278940028,0.46078013091970466,0.37700192529794024,True
43,Hybrid-while,lgbm_hybrid_while,88000,Halite,0,0.0,0.46078013091970466,0.37700192529794024,False
43,Hybrid-while,lgbm_hybrid_while,70000,Limestone,10370,0.5243013365735115,0.46078013091970466,0.37700192529794024,True
43,Hybrid-while,lgbm_hybrid_while,80000,Marl,4246,0.28943404346890467,0.46078013091970466,0.37700192529794024,True
43,Hybrid-while,lgbm_hybrid_while,30000,Sandstone,35770,0.7190911903814702,0.46078013091970466,0.37700192529794024,True
43,Hybrid-while,lgbm_hybrid_while,65030,Sandstone/Shale,17376,0.21009195944352746,0.46078013091970466,0.37700192529794024,True
43,Hybrid-while,lgbm_hybrid_while,65000,Shale,128199,0.7627095968605065,0.46078013091970466,0.37700192529794024,True
43,Hybrid-while,lgbm_hybrid_while,99000,Tuff,2407,0.2560017224674346,0.46078013091970466,0.37700192529794024,True
43,Hybrid+Smooth,lgbm_hybrid_smooth,86000,Anhydrite,139,0.8754716981132076,0.4723211528397024,0.3864445795961201,True
43,Hybrid+Smooth,lgbm_hybrid_smooth,70032,Chalk,0,0.0,0.4723211528397024,0.3864445795961201,False
43,Hybrid+Smooth,lgbm_hybrid_smooth,90000,Coal,1082,0.5397663022992838,0.4723211528397024,0.3864445795961201,True
43,Hybrid+Smooth,lgbm_hybrid_smooth,74000,Dolomite,614,0.0,0.4723211528397024,0.3864445795961201,True
43,Hybrid+Smooth,lgbm_hybrid_smooth,88000,Halite,0,0.0,0.4723211528397024,0.3864445795961201,False
43,Hybrid+Smooth,lgbm_hybrid_smooth,70000,Limestone,10370,0.45564997541962216,0.4723211528397024,0.3864445795961201,True
43,Hybrid+Smooth,lgbm_hybrid_smooth,80000,Marl,4246,0.40108794197642794,0.4723211528397024,0.3864445795961201,True
43,Hybrid+Smooth,lgbm_hybrid_smooth,30000,Sandstone,35770,0.7358635147834888,0.4723211528397024,0.3864445795961201,True
43,Hybrid+Smooth,lgbm_hybrid_smooth,65030,Sandstone/Shale,17376,0.2570101304080148,0.4723211528397024,0.3864445795961201,True
43,Hybrid+Smooth,lgbm_hybrid_smooth,65000,Shale,128199,0.7796472304495823,0.4723211528397024,0.3864445795961201,True
43,Hybrid+Smooth,lgbm_hybrid_smooth,99000,Tuff,2407,0.20639358210769418,0.4723211528397024,0.3864445795961201,True
45,Global,lgbm_global,86000,Anhydrite,126,0.01990049751243781,0.29115631741372877,0.2382188051566871,True
45,Global,lgbm_global,70032,Chalk,0,0.0,0.29115631741372877,0.2382188051566871,False
45,Global,lgbm_global,90000,Coal,573,0.21405021557189957,0.29115631741372877,0.2382188051566871,True
45,Global,lgbm_global,74000,Dolomite,313,0.000964785335262904,0.29115631741372877,0.2382188051566871,True
45,Global,lgbm_global,88000,Halite,0,0.0,0.29115631741372877,0.2382188051566871,False
45,Global,lgbm_global,70000,Limestone,11108,0.45083142639206714,0.29115631741372877,0.2382188051566871,True
45,Global,lgbm_global,80000,Marl,4129,0.13586269196025294,0.29115631741372877,0.2382188051566871,True
45,Global,lgbm_global,30000,Sandstone,24375,0.5688964635705156,0.29115631741372877,0.2382188051566871,True
45,Global,lgbm_global,65030,Sandstone/Shale,21023,0.435996267294194,0.29115631741372877,0.2382188051566871,True
45,Global,lgbm_global,65000,Shale,107995,0.736399348367377,0.29115631741372877,0.2382188051566871,True
45,Global,lgbm_global,99000,Tuff,1481,0.05750516071955176,0.29115631741372877,0.2382188051566871,True
45,WellNorm,lgbm_wellnorm,86000,Anhydrite,126,0.0,0.305230884641913,0.24973436016156517,True
45,WellNorm,lgbm_wellnorm,70032,Chalk,0,0.0,0.305230884641913,0.24973436016156517,False
45,WellNorm,lgbm_wellnorm,90000,Coal,573,0.2657833203429462,0.305230884641913,0.24973436016156517,True
45,WellNorm,lgbm_wellnorm,74000,Dolomite,313,0.014161220043572984,0.305230884641913,0.24973436016156517,True
45,WellNorm,lgbm_wellnorm,88000,Halite,0,0.0,0.305230884641913,0.24973436016156517,False
45,WellNorm,lgbm_wellnorm,70000,Limestone,11108,0.45733392777530096,0.305230884641913,0.24973436016156517,True
45,WellNorm,lgbm_wellnorm,80000,Marl,4129,0.1433462679753481,0.305230884641913,0.24973436016156517,True
45,WellNorm,lgbm_wellnorm,30000,Sandstone,24375,0.5704186810179696,0.305230884641913,0.24973436016156517,True
45,WellNorm,lgbm_wellnorm,65030,Sandstone/Shale,21023,0.368688139573897,0.305230884641913,0.24973436016156517,True
45,WellNorm,lgbm_wellnorm,65000,Shale,107995,0.7952325839099706,0.305230884641913,0.24973436016156517,True
45,WellNorm,lgbm_wellnorm,99000,Tuff,1481,0.13211382113821138,0.305230884641913,0.24973436016156517,True
45,Hybrid,lgbm_hybrid,86000,Anhydrite,126,0.0,0.34847363278802485,0.28511479046292937,True
45,Hybrid,lgbm_hybrid,70032,Chalk,0,0.0,0.34847363278802485,0.28511479046292937,False
45,Hybrid,lgbm_hybrid,90000,Coal,573,0.3124042879019908,0.34847363278802485,0.28511479046292937,True
45,Hybrid,lgbm_hybrid,74000,Dolomite,313,0.014925373134328358,0.34847363278802485,0.28511479046292937,True
45,Hybrid,lgbm_hybrid,88000,Halite,0,0.0,0.34847363278802485,0.28511479046292937,False
45,Hybrid,lgbm_hybrid,70000,Limestone,11108,0.5164757460048084,0.34847363278802485,0.28511479046292937,True
45,Hybrid,lgbm_hybrid,80000,Marl,4129,0.1691335740072202,0.34847363278802485,0.28511479046292937,True
45,Hybrid,lgbm_hybrid,30000,Sandstone,24375,0.644929430214323,0.34847363278802485,0.28511479046292937,True
45,Hybrid,lgbm_hybrid,65030,Sandstone/Shale,21023,0.4378402903811252,0.34847363278802485,0.28511479046292937,True
45,Hybrid,lgbm_hybrid,65000,Shale,107995,0.8288751613316387,0.34847363278802485,0.28511479046292937,True
45,Hybrid,lgbm_hybrid,99000,Tuff,1481,0.2116788321167883,0.34847363278802485,0.28511479046292937,True
45,Hybrid-norel,lgbm_hybrid_norel,86000,Anhydrite,126,0.0,0.33940730468665936,0.2776968856527213,True
45,Hybrid-norel,lgbm_hybrid_norel,70032,Chalk,0,0.0,0.33940730468665936,0.2776968856527213,False
45,Hybrid-norel,lgbm_hybrid_norel,90000,Coal,573,0.31024930747922436,0.33940730468665936,0.2776968856527213,True
45,Hybrid-norel,lgbm_hybrid_norel,74000,Dolomite,313,0.004884004884004884,0.33940730468665936,0.2776968856527213,True
45,Hybrid-norel,lgbm_hybrid_norel,88000,Halite,0,0.0,0.33940730468665936,0.2776968856527213,False
45,Hybrid-norel,lgbm_hybrid_norel,70000,Limestone,11108,0.5213068693490869,0.33940730468665936,0.2776968856527213,True
45,Hybrid-norel,lgbm_hybrid_norel,80000,Marl,4129,0.19394153492890576,0.33940730468665936,0.2776968856527213,True
45,Hybrid-norel,lgbm_hybrid_norel,30000,Sandstone,24375,0.6197930254804765,0.33940730468665936,0.2776968856527213,True
45,Hybrid-norel,lgbm_hybrid_norel,65030,Sandstone/Shale,21023,0.4452980341173226,0.33940730468665936,0.2776968856527213,True
45,Hybrid-norel,lgbm_hybrid_norel,65000,Shale,107995,0.8231496055073091,0.33940730468665936,0.2776968856527213,True
45,Hybrid-norel,lgbm_hybrid_norel,99000,Tuff,1481,0.13604336043360435,0.33940730468665936,0.2776968856527213,True
45,Hybrid-while,lgbm_hybrid_while,86000,Anhydrite,126,0.0,0.34231619764194915,0.28007688897977656,True
45,Hybrid-while,lgbm_hybrid_while,70032,Chalk,0,0.0,0.34231619764194915,0.28007688897977656,False
45,Hybrid-while,lgbm_hybrid_while,90000,Coal,573,0.354978354978355,0.34231619764194915,0.28007688897977656,True
45,Hybrid-while,lgbm_hybrid_while,74000,Dolomite,313,0.0021413276231263384,0.34231619764194915,0.28007688897977656,True
45,Hybrid-while,lgbm_hybrid_while,88000,Halite,0,0.0,0.34231619764194915,0.28007688897977656,False
45,Hybrid-while,lgbm_hybrid_while,70000,Limestone,11108,0.5632927970065482,0.34231619764194915,0.28007688897977656,True
45,Hybrid-while,lgbm_hybrid_while,80000,Marl,4129,0.21696061850688572,0.34231619764194915,0.28007688897977656,True
45,Hybrid-while,lgbm_hybrid_while,30000,Sandstone,24375,0.6407726659050784,0.34231619764194915,0.28007688897977656,True
45,Hybrid-while,lgbm_hybrid_while,65030,Sandstone/Shale,21023,0.43236884546058246,0.34231619764194915,0.28007688897977656,True
45,Hybrid-while,lgbm_hybrid_while,65000,Shale,107995,0.7980544527249475,0.34231619764194915,0.28007688897977656,True
45,Hybrid-while,lgbm_hybrid_while,99000,Tuff,1481,0.07227671657201859,0.34231619764194915,0.28007688897977656,True
45,Hybrid+Smooth,lgbm_hybrid_smooth,86000,Anhydrite,126,0.0,0.35102924669440094,0.287205747295419,True
45,Hybrid+Smooth,lgbm_hybrid_smooth,70032,Chalk,0,0.0,0.35102924669440094,0.287205747295419,False
45,Hybrid+Smooth,lgbm_hybrid_smooth,90000,Coal,573,0.31699604743083004,0.35102924669440094,0.287205747295419,True
45,Hybrid+Smooth,lgbm_hybrid_smooth,74000,Dolomite,313,0.017204301075268817,0.35102924669440094,0.287205747295419,True
45,Hybrid+Smooth,lgbm_hybrid_smooth,88000,Halite,0,0.0,0.35102924669440094,0.287205747295419,False
45,Hybrid+Smooth,lgbm_hybrid_smooth,70000,Limestone,11108,0.516343891402715,0.35102924669440094,0.287205747295419,True
45,Hybrid+Smooth,lgbm_hybrid_smooth,80000,Marl,4129,0.17363344051446947,0.35102924669440094,0.287205747295419,True
45,Hybrid+Smooth,lgbm_hybrid_smooth,30000,Sandstone,24375,0.6526836894215737,0.35102924669440094,0.287205747295419,True
45,Hybrid+Smooth,lgbm_hybrid_smooth,65030,Sandstone/Shale,21023,0.43922369765066394,0.35102924669440094,0.287205747295419,True
45,Hybrid+Smooth,lgbm_hybrid_smooth,65000,Shale,107995,0.833701843527155,0.35102924669440094,0.287205747295419,True
45,Hybrid+Smooth,lgbm_hybrid_smooth,99000,Tuff,1481,0.20947630922693267,0.35102924669440094,0.287205747295419,True
