split_mode,seed,label_regime,n_test_unseen_label_kept,n_test,n_test_wells
parent_grouped,42,closed_set,0,215826,17
parent_grouped,43,closed_set,0,199470,17
parent_grouped,44,open_set,10813,224393,18
parent_grouped,45,closed_set,0,170819,17
parent_grouped,101,closed_set,0,186349,17
parent_grouped,107,closed_set,0,194905,17
parent_grouped,113,closed_set,0,194414,17
parent_grouped,127,open_set,141,197511,17
parent_grouped,131,closed_set,0,183417,17
parent_grouped,139,closed_set,0,164403,17
parent_grouped,149,closed_set,0,204497,17
parent_grouped,151,closed_set,0,236703,17
parent_grouped,157,closed_set,0,181524,17
parent_grouped,163,closed_set,0,199875,17
parent_grouped,167,closed_set,0,187558,17
parent_grouped,173,closed_set,0,212863,18
parent_grouped,179,closed_set,0,236748,17
parent_grouped,181,closed_set,0,260403,18
parent_grouped,191,closed_set,0,236086,18
parent_grouped,193,closed_set,0,270888,17
