regime,method,n_seeds,macro_mean,macro_std,worst_mean,worst_std,delta_macro_vs_global,delta_worst_vs_global,worst_wins_vs_global
closed_42_43_45,lgbm_global,3,0.37052474156924786,0.06901538948114995,0.20923192268335267,0.05728847649208075,0.0,0.0,
closed_42_43_45,lgbm_wellnorm,3,0.30345941034465646,0.019728572656006155,0.1805801496597994,0.02940955084400282,-0.0670653312245914,-0.028651773023553234,1.0
closed_42_43_45,lgbm_hybrid,3,0.39856989824135586,0.06629974296093209,0.24345297613563946,0.03900049701782377,0.02804515667210798,0.03422105345228681,3.0
closed_42_43_45,lgbm_hybrid_smooth,3,0.40235091283335606,0.07058092958424537,0.24852570400286553,0.03912380713788959,0.031826171264108215,0.039293781319512854,3.0
closed_42_43_45,lgbm_hybrid_sim,3,0.3935581903986931,0.03390545483259047,0.2375151900877465,0.029464778918941788,0.02303344882944521,0.028283267404393835,2.0
closed_42_43_45,lgbm_hybrid_plus,3,0.40161257185438254,0.06476919328381037,0.2482764784351791,0.04287509741772389,0.03108783028513464,0.03904455575182645,3.0
closed_42_43_45,lgbm_hybrid_while,3,0.41066132368465896,0.057319562577491934,0.2609837840230467,0.046208025167855465,0.04013658211541108,0.05175186133969406,3.0
closed_42_43_45,lgbm_hybrid_sim_perwell,3,0.4020201600331344,0.017356826887878495,0.26186563586211714,0.04819866269752796,0.03149541846388656,0.052633713178764495,3.0
all_42_45,lgbm_global,4,0.3593030442123166,0.060655766060934216,0.17738903479537263,0.07901808482055435,0.0,0.0,
all_42_45,lgbm_wellnorm,4,0.2842774998792287,0.04160841832822967,0.15749247048117157,0.052045923695504814,-0.07502554433308793,-0.019896564314201053,2.0
all_42_45,lgbm_hybrid,4,0.3767405394324735,0.0695450997685543,0.21208732085627843,0.07035085763163344,0.017437495220156807,0.0346982860609058,4.0
all_42_45,lgbm_hybrid_smooth,4,0.38016293749238295,0.07273470111469484,0.21512111446525495,0.07405345770914519,0.02085989328006635,0.03773207966988231,4.0
all_42_45,lgbm_hybrid_sim,4,0.37176449488589897,0.0516357166570526,0.20691960463255143,0.06575060097478949,0.012461450673582328,0.029530569837178798,3.0
all_42_45,lgbm_hybrid_plus,4,0.37262710633847984,0.07846864199868674,0.21322427928769816,0.07835906230946234,0.013324062126163175,0.03583524449232554,4.0
all_42_45,lgbm_hybrid_while,4,0.38276068353268333,0.0728295113234336,0.23947603954456034,0.05721701393364463,0.023457639320366708,0.06208700474918775,4.0
all_42_45,lgbm_hybrid_sim_perwell,4,0.3765055775907219,0.05296050693916351,0.22579237454224504,0.08218188031977508,0.017202533378405258,0.04840333974687244,4.0
open_44,lgbm_global,1,0.3256379521415229,0.0,0.0818603711314325,0.0,0.0,0.0,
open_44,lgbm_wellnorm,1,0.2267317684829454,0.0,0.088229432945288,0.0,-0.0989061836585775,0.006369061813855492,1.0
open_44,lgbm_hybrid,1,0.3112524630058262,0.0,0.1179903550181953,0.0,-0.014385489135696705,0.03612998388676279,1.0
open_44,lgbm_hybrid_smooth,1,0.3135990114694637,0.0,0.1149073458524232,0.0,-0.01203894067205924,0.03304697472099069,1.0
open_44,lgbm_hybrid_sim,1,0.3063834083475166,0.0,0.1151328482669662,0.0,-0.019254543794006318,0.03327247713553369,1.0
open_44,lgbm_hybrid_plus,1,0.2856707097907717,0.0,0.1080676818452553,0.0,-0.03996724235075122,0.02620731071382279,1.0
open_44,lgbm_hybrid_while,1,0.2990587630767565,0.0,0.1749528061091013,0.0,-0.026579189064766418,0.0930924349776688,1.0
open_44,lgbm_hybrid_sim_perwell,1,0.2999618302634843,0.0,0.1175725905826288,0.0,-0.025676121878038638,0.03571221945119629,1.0
