seed,method,macro_f1,worst_well_f1,worst10pct_well_f1,n_test_unseen_label_kept
42,lgbm_global,0.4039949436263344,0.1441001574019401,0.1706660250567604,0
42,lgbm_hybrid,0.401071046489442,0.1986025503374979,0.2452620456283695,0
42,lgbm_hybrid_while,0.414330473800816,0.2093885026867157,0.2104787356021116,0
42,lgbm_hybrid_sim_perwell,0.4055107022226728,0.2093837890202591,0.2604896563092775,0
43,lgbm_global,0.4164229636676805,0.2518157593207054,0.2792703135279571,0
43,lgbm_hybrid,0.4635836743349561,0.2693950408842099,0.3001368728197957,0
43,lgbm_hybrid_while,0.4660581670708567,0.2985554128762667,0.3152537749829331,0
43,lgbm_hybrid_sim_perwell,0.4173664519456818,0.3041487816939495,0.3214006450576609,0
44,lgbm_global,0.3256379521415229,0.0818603711314325,0.1699518542351821,10813
44,lgbm_hybrid,0.3112524630058262,0.1179903550181953,0.1575360466521231,10813
44,lgbm_hybrid_while,0.2990587630767565,0.1749528061091013,0.1798269907272434,10813
44,lgbm_hybrid_sim_perwell,0.2999618302634843,0.1175725905826288,0.146832609429489,10813
45,lgbm_global,0.2911563174137287,0.2317798513274125,0.246507329286314,0
45,lgbm_hybrid,0.3310549738996695,0.2623613371852106,0.2703291888977129,0
45,lgbm_hybrid_while,0.3515953301823042,0.2750074365061578,0.2781628587243212,0
45,lgbm_hybrid_sim_perwell,0.3831833259310487,0.2720643368721429,0.2748201535677111,0
