seed,method,method_label,macro_f1_legacy,macro_f1_ccommon,worst_well_f1_fixed,n_ccommon,n_train_classes,n_per_class_reported
42,lgbm_global,Global,0.4039949436263344,0.4039949436263344,0.07860008585560371,11,11,11
42,lgbm_wellnorm,WellNorm,0.29275053314699445,0.29275053314699445,0.10451895999471052,11,11,11
42,lgbm_hybrid,Hybrid,0.41132546206357484,0.41132546206357473,0.11830030985199952,11,11,11
42,lgbm_hybrid_norel,Hybrid-norel,0.40371015659315734,0.40371015659315734,0.12979533785699637,11,11,11
42,lgbm_hybrid_while,Hybrid-while,0.43335088815671335,0.43335088815671335,0.1116883252221015,11,11,11
42,lgbm_hybrid_smooth,Hybrid+Smooth,0.4147117988436682,0.4147117988436683,0.12058883640832926,11,11,11
43,lgbm_global,Global,0.4164229636676805,0.34070969754628405,0.1265706496043495,11,12,9
43,lgbm_wellnorm,WellNorm,0.31823332215716604,0.2603727181285903,0.09304440083742511,11,12,9
43,lgbm_hybrid,Hybrid,0.4670251461016934,0.38211148317411275,0.12594647441153695,11,12,9
43,lgbm_hybrid_norel,Hybrid-norel,0.46058341083470883,0.3768409725011254,0.1344868034012135,11,12,9
43,lgbm_hybrid_while,Hybrid-while,0.46078013091970466,0.37700192529794024,0.1294046722181081,11,12,9
43,lgbm_hybrid_smooth,Hybrid+Smooth,0.4723211528397024,0.3864445795961201,0.12399976036869743,11,12,9
45,lgbm_global,Global,0.29115631741372877,0.2382188051566871,0.10535447787609663,11,11,9
45,lgbm_wellnorm,WellNorm,0.305230884641913,0.24973436016156517,0.0719152388865673,11,11,9
45,lgbm_hybrid,Hybrid,0.34847363278802485,0.28511479046292937,0.06003404108225092,11,11,9
45,lgbm_hybrid_norel,Hybrid-norel,0.33940730468665936,0.2776968856527213,0.10577838673956973,11,11,9
45,lgbm_hybrid_while,Hybrid-while,0.34231619764194915,0.28007688897977656,0.0926881861742682,11,11,9
45,lgbm_hybrid_smooth,Hybrid+Smooth,0.35102924669440094,0.287205747295419,0.0548939693052283,11,11,9
