true_class,support,method,f1,recall,top1_pred,top1_n,top2_pred,shale_frac
Chalk,2593,Global,0.15121512151215122,0.09718472811415349,Limestone,705,Shale,0.24874662553027382
Chalk,2593,Hybrid,0.0,0.0,Limestone,1372,Shale,0.23949093713844968
Dolomite,347,Global,0.0,0.0,Sandstone,154,Shale,0.29394812680115273
Dolomite,347,Hybrid,0.0,0.0,Shale,117,Limestone,0.3371757925072046
Anhydrite,298,Global,0.5199240986717267,0.4597315436241611,Anhydrite,137,Limestone,0.006711409395973154
Anhydrite,298,Hybrid,0.4685714285714286,0.412751677852349,Anhydrite,123,Limestone,0.016778523489932886
Coal,871,Global,0.28468468468468466,0.5442020665901263,Coal,474,Sandstone,0.08725602755453502
Coal,871,Hybrid,0.25540086413826213,0.6107921928817451,Coal,532,Sandstone,0.07233065442020666
Tuff,3725,Global,0.1323001323001323,0.09395973154362416,Shale,2403,Sandstone,0.6451006711409396
Tuff,3725,Hybrid,0.16415584415584417,0.127248322147651,Shale,2321,Tuff,0.6230872483221477
