well_id,delta_hybrid_minus_global,n,missing_frac,class_tv_to_train,n_classes,gr_mean
25/6-2,-0.1465486325901549,2925,0.17006410256410256,0.1962031633674475,5,93.35553511531076
16/11-1 ST3,-0.109373750533326,14939,0.4934232545685789,0.48654645254286977,10,30.545701628590407
34/11-2 S,-0.0182600318754586,23310,0.33097919347919347,0.17068331841900747,8,92.22501425585993
16/1-6 A,-0.0053061909299971,3623,0.3206424234060171,0.2839272628832884,4,59.006637912271884
34/5-1 A,-0.0051313173714577,14592,0.26481976425438597,0.2886870350624943,5,88.17727688556168
34/10-21,0.0195394564333867,22491,0.2745264772575696,0.15216891707111896,8,56.49335855478102
34/8-3,0.0241836960606839,13342,0.352256970469195,0.1440228229870168,8,72.98436292026715
25/2-13 T4,0.0271887450349077,21062,0.30338108916532147,0.13860611398802847,6,51.9816816459916
25/5-4,0.0279081348352695,13003,0.292288318080443,0.1482440533395841,7,61.46743242288051
32/2-1,0.0326462772734268,3049,0.25832240078714336,0.18498700290860642,4,94.07077259082223
17/4-1,0.0361299838867628,17271,0.4584636095188466,0.48434222363180546,9,33.26075534459768
35/11-12,0.0386692119699749,19112,0.5851363017999163,0.18080892458905254,6,159.5462185664446
31/3-2,0.0556615687500716,10750,0.43912209302325583,0.16842020677501138,6,76.35384464397414
25/10-10,0.0559505337919987,9321,0.23463147730930156,0.16376032221672446,8,68.38771734790075
16/10-1,0.0746547032324991,17675,0.2368387553041018,0.23289404724181445,10,77.51099148131975
25/4-5,0.0911405777436038,23005,0.40512931971310584,0.24436587593199863,7,49.582449046034775
16/7-5,0.1026303472530168,15590,0.2726908274534958,0.18883856940732674,6,66.24049225539024
