well_id,global_f1,n,hybrid_f1,delta
25/6-2,0.6310653661277564,2925,0.4845167335376015,-0.14654863259015494
16/11-1 ST3,0.3064554888193769,14939,0.19708173828605088,-0.10937375053332601
34/11-2 S,0.30812020349740515,23310,0.28986017162194655,-0.018260031875458604
16/1-6 A,0.50481956310201,3623,0.49951337217201286,-0.005306190929997179
34/5-1 A,0.3146587428209006,14592,0.30952742544944284,-0.0051313173714577776
34/10-21,0.36881760698434385,22491,0.3883570634177306,0.019539456433386726
34/8-3,0.33816861709689305,13342,0.362352313157577,0.024183696060683935
25/2-13 T4,0.5283127996767031,21062,0.5555015447116108,0.027188745034907758
25/5-4,0.35380393789042097,13003,0.3817120727256905,0.02790813483526955
32/2-1,0.4858463189708003,3049,0.5184925962442272,0.032646277273426894
17/4-1,0.08186037113143255,17271,0.11799035501819538,0.036129983886762834
35/11-12,0.3044524523559214,19112,0.3431216643258963,0.038669211969974915
31/3-2,0.5071845214596667,10750,0.5628460902097384,0.055661568750071666
25/10-10,0.25804333733893176,9321,0.3139938711309305,0.05595053379199877
16/10-1,0.30522236692474564,17675,0.3798770701572448,0.07465470323249918
25/4-5,0.4221256912948482,23005,0.5132662690384521,0.09114057774360385
16/7-5,0.44774718497652405,15590,0.5503775322295409,0.10263034725301684
