protocol,seed,method,macro_f1,worst_well_f1,well_macro_f1_mean,pipeline_version
protocol1_random_wells,42,lgbm_global,0.4039949436263344,0.14410015740194013,0.378048487171704,r3_fullcurve_stats_20260926
protocol1_random_wells,42,lgbm_wellnorm,0.29275053314699445,0.16473886348314926,0.3937957909437981,r3_fullcurve_stats_20260926
protocol1_random_wells,42,lgbm_hybrid,0.41132546206357484,0.21688390139533245,0.4324617728753123,r3_fullcurve_stats_20260926
protocol1_random_wells,42,lgbm_hybrid_while,0.43335088815671335,0.20476192957385275,0.41459812887432246,r3_fullcurve_stats_20260926
protocol1_random_wells,43,lgbm_global,0.4164229636676805,0.2518157593207054,0.41547247000962395,r3_fullcurve_stats_20260926
protocol1_random_wells,43,lgbm_wellnorm,0.31823332215716604,0.18608880167485023,0.36588061383345416,r3_fullcurve_stats_20260926
protocol1_random_wells,43,lgbm_hybrid,0.4670251461016934,0.25189294882307384,0.4310381590442558,r3_fullcurve_stats_20260926
protocol1_random_wells,43,lgbm_hybrid_while,0.46078013091970466,0.2588093444362162,0.43284595822915195,r3_fullcurve_stats_20260926
protocol1_random_wells,44,lgbm_global,0.32563795214152297,0.08186037113143255,0.3803943864981576,r3_fullcurve_stats_20260926
protocol1_random_wells,44,lgbm_wellnorm,0.2406091123850459,0.10093545614704938,0.34301097437980876,r3_fullcurve_stats_20260926
protocol1_random_wells,44,lgbm_hybrid,0.29950329813211285,0.11905915981389496,0.4019763078846755,r3_fullcurve_stats_20260926
protocol1_random_wells,44,lgbm_hybrid_while,0.27964606440656664,0.17314319443494922,0.37817402037731945,r3_fullcurve_stats_20260926
protocol1_random_wells,45,lgbm_global,0.2911563174137287,0.2317798513274125,0.3899108614702684,r3_fullcurve_stats_20260926
protocol1_random_wells,45,lgbm_wellnorm,0.305230884641913,0.158213525550448,0.371846028867535,r3_fullcurve_stats_20260926
protocol1_random_wells,45,lgbm_hybrid,0.3484736327880248,0.132074890380952,0.418254455626578,r3_fullcurve_stats_20260926
protocol1_random_wells,45,lgbm_hybrid_while,0.3423161976419491,0.20391400958339,0.423915960865689,r3_fullcurve_stats_20260926
