seed,method,well_id,n,macro_f1
42,lgbm_global,31/5-4 S,11315,0.14410015740194013
42,lgbm_global,35/11-12,19112,0.19723189271158084
42,lgbm_global,25/5-1,18473,0.2610401444616375
42,lgbm_hybrid,31/5-4 S,11315,0.19860255033749794
42,lgbm_hybrid,25/7-2,23879,0.2919215409192411
42,lgbm_hybrid,17/11-1,20099,0.3090495220969759
42,lgbm_hybrid_plus,31/5-4 S,11315,0.199202153599868
42,lgbm_hybrid_plus,25/7-2,23879,0.29223952813143345
42,lgbm_hybrid_plus,35/11-12,19112,0.3025462272967944
43,lgbm_global,34/10-19,12662,0.2518157593207054
43,lgbm_global,29/6-1,24468,0.30672486773520896
43,lgbm_global,25/11-19 S,6975,0.3596837146751854
43,lgbm_hybrid,34/4-10 R,3880,0.2693950408842099
43,lgbm_hybrid,34/10-19,12662,0.3308787047553816
43,lgbm_hybrid,29/6-1,24468,0.35633727915963204
43,lgbm_hybrid_plus,34/4-10 R,3880,0.2671517542372188
43,lgbm_hybrid_plus,34/3-1 A,2251,0.34288930190639283
43,lgbm_hybrid_plus,29/6-1,24468,0.34775081268519115
44,lgbm_global,17/4-1,17271,0.08186037113143255
44,lgbm_global,25/10-10,9321,0.25804333733893176
44,lgbm_global,35/11-12,19112,0.3044524523559214
44,lgbm_hybrid,17/4-1,17271,0.11799035501819538
44,lgbm_hybrid,16/11-1 ST3,14939,0.19708173828605088
44,lgbm_hybrid,34/11-2 S,23310,0.28986017162194655
44,lgbm_hybrid_plus,17/4-1,17271,0.10806768184525532
44,lgbm_hybrid_plus,16/11-1 ST3,14939,0.15675347479963636
44,lgbm_hybrid_plus,34/11-2 S,23310,0.285574976085273
45,lgbm_global,16/1-2,1734,0.23177985132741258
45,lgbm_global,25/10-10,9321,0.2612348072452156
45,lgbm_global,34/3-3 A,18190,0.2961909763218908
45,lgbm_hybrid,34/3-3 A,18190,0.2623613371852106
45,lgbm_hybrid,16/1-2,1734,0.2782970406102152
45,lgbm_hybrid,25/10-10,9321,0.27935651860853733
45,lgbm_hybrid_plus,34/3-3 A,18190,0.27847552746845056
45,lgbm_hybrid_plus,25/10-10,9321,0.29980938906631205
45,lgbm_hybrid_plus,34/4-10 R,3880,0.30351411092034986
