split_mode,seed,protocol,n_train_wells,n_val_wells,n_test_wells,label_regime,n_test_unseen_label_kept,n_test,unseen_frac,train_n_classes,test_n_classes
parent_grouped,42,protocol1_parent_grouped_wells,83,18,17,closed_set,0,215826,0.0,11,11
parent_grouped,43,protocol1_parent_grouped_wells,83,18,17,closed_set,0,199470,0.0,12,9
parent_grouped,44,protocol1_parent_grouped_wells,82,18,18,open_set,10813,224393,0.04818777769360007,11,11
parent_grouped,45,protocol1_parent_grouped_wells,83,18,17,closed_set,0,170819,0.0,11,9
parent_grouped,101,protocol1_parent_grouped_wells,83,18,17,closed_set,0,186349,0.0,12,9
parent_grouped,107,protocol1_parent_grouped_wells,83,18,17,closed_set,0,194905,0.0,12,9
parent_grouped,113,protocol1_parent_grouped_wells,83,18,17,closed_set,0,194414,0.0,12,11
parent_grouped,127,protocol1_parent_grouped_wells,83,18,17,open_set,141,197511,0.000713884289988912,11,10
parent_grouped,131,protocol1_parent_grouped_wells,83,18,17,closed_set,0,183417,0.0,12,9
parent_grouped,139,protocol1_parent_grouped_wells,82,19,17,closed_set,0,164403,0.0,12,10
parent_grouped,149,protocol1_parent_grouped_wells,83,18,17,closed_set,0,204497,0.0,11,11
parent_grouped,151,protocol1_parent_grouped_wells,82,19,17,closed_set,0,236703,0.0,12,9
parent_grouped,157,protocol1_parent_grouped_wells,82,19,17,closed_set,0,181524,0.0,12,11
parent_grouped,163,protocol1_parent_grouped_wells,82,19,17,closed_set,0,199875,0.0,12,11
parent_grouped,167,protocol1_parent_grouped_wells,82,19,17,closed_set,0,187558,0.0,12,11
parent_grouped,173,protocol1_parent_grouped_wells,82,18,18,closed_set,0,212863,0.0,11,10
parent_grouped,179,protocol1_parent_grouped_wells,83,18,17,closed_set,0,236748,0.0,12,11
parent_grouped,181,protocol1_parent_grouped_wells,82,18,18,closed_set,0,260403,0.0,11,11
parent_grouped,191,protocol1_parent_grouped_wells,82,18,18,closed_set,0,236086,0.0,12,8
parent_grouped,193,protocol1_parent_grouped_wells,83,18,17,closed_set,0,270888,0.0,12,11
