protocol,method,macro_f1,well_macro_f1_mean,worst_well_f1,seconds
protocol1_random_wells,lgbm_global,0.3960518703678197,0.3237352805143814,0.1216911780744045,158.27
protocol1_random_wells,lgbm_wellnorm,0.3260221132890224,0.3012903100532422,0.0977680298800733,1670.82
protocol1_random_wells,lgbm_conf,0.3398884489635305,0.3011846112876318,0.1007617011051017,186.16
protocol1_random_wells,lgbm_groupdro,0.3511097828342293,0.3084792796625863,0.1001445244845535,394.0
protocol1_random_wells,lgbm_hybrid,0.401071046489442,0.3629968752717925,0.170230757432141,140.86
protocol1_random_wells,lgbm_hybrid_sim,0.406258202032259,0.3718830829540083,0.1552465571132193,159.37
protocol1_random_wells,lgbm_hybrid_smooth,0.4042005677545903,0.3817916070141244,0.1744119852694755,240.4
protocol1_random_wells,lgbm_hybrid_plus,0.3998652615378507,0.3823568567384378,0.1707447030856011,198.25
protocol2_block_holdout|blk15.0,lgbm_global,0.3013048038428188,0.3515250474784311,0.286394657047484,321.23
protocol2_block_holdout|blk15.0,lgbm_wellnorm,0.3267970214335035,0.3409441084968282,0.2494312533597326,339.9
protocol2_block_holdout|blk15.0,lgbm_conf,0.3173120303214291,0.3301077267785425,0.2811218094075058,169.24
protocol2_block_holdout|blk15.0,lgbm_groupdro,0.3130300886356889,0.3306320768515455,0.2760750165733527,368.74
protocol2_block_holdout|blk15.0,lgbm_hybrid,0.3491278142748064,0.3639627220306336,0.3136042848848847,203.0
protocol2_block_holdout|blk15.0,lgbm_hybrid_sim,0.3913629948081116,0.3874038007306938,0.3266329515815402,199.6
protocol2_block_holdout|blk15.0,lgbm_hybrid_smooth,0.3542134375705207,0.3862079443385094,0.3201967229539841,204.64
protocol2_block_holdout|blk15.0,lgbm_hybrid_plus,0.3860857548173996,0.39751030388576,0.3226365500763042,203.85
protocol2_block_holdout|blk35.0,lgbm_global,0.2593003105713973,0.2786152127620441,0.1769710410378484,112.24
protocol2_block_holdout|blk35.0,lgbm_wellnorm,0.2006860842716374,0.2657086972697504,0.1656186203356169,90.21
protocol2_block_holdout|blk35.0,lgbm_conf,0.2021046022503351,0.2674413119911264,0.157194306182988,92.58
protocol2_block_holdout|blk35.0,lgbm_groupdro,0.2000105208300169,0.2723419148722173,0.1624738610139031,259.95
protocol2_block_holdout|blk35.0,lgbm_hybrid,0.2888279203958576,0.3053575194815672,0.1904259975837246,183.51
protocol2_block_holdout|blk35.0,lgbm_hybrid_sim,0.2947236727906039,0.3211293591897955,0.1899268236933077,189.15
protocol2_block_holdout|blk35.0,lgbm_hybrid_smooth,0.2928513749663942,0.3306337458580535,0.1912399019271908,220.81
protocol2_block_holdout|blk35.0,lgbm_hybrid_plus,0.297068069329585,0.3237360528241988,0.1954132379018418,263.73
protocol3_lowo,lgbm_wellnorm,0.128916288965571,0.128916288965571,0.128916288965571,330.1
protocol3_lowo,lgbm_groupdro,0.128261255228696,0.128261255228696,0.128261255228696,428.16
