lithology,train_frac,test_frac
Anhydrite,0.0007555030027441491,0.0013493993361679776
Chalk,0.007008431210691027,0.01174158549893814
Coal,0.003294804370356699,0.0039440497375916395
Dolomite,0.0017199101914819825,0.0015712804350680814
Halite,0.0066098907005186095,0.01765539601247968
Limestone,0.047481082001991685,0.06060976548526302
Marl,0.023906346022403453,0.03721263001553168
Sandstone,0.13745996848183445,0.1413654291135171
Sandstone/Shale,0.14249699319945888,0.08178808996599332
Shale,0.617565394108902,0.6258948826973496
Tuff,0.011701676709617097,0.01686749170209972
