method,well_id,n,macro_f1,accuracy
lgbm_global,35/11-12,19112,0.1216911780744045,0.7577961490163249
lgbm_global,25/7-2,23879,0.17092496019279974,0.2617362536119603
lgbm_global,29/6-1,24468,0.23972299072620976,0.3926761484387772
lgbm_global,25/5-1,18473,0.24005443174381158,0.4288420938667244
lgbm_global,31/5-4 S,11315,0.24677730516804916,0.4836058329650906
lgbm_global,35/8-4,2709,0.269179451292217,0.7201919527500923
lgbm_global,17/11-1,20099,0.2844423464859745,0.6367480969202448
lgbm_global,34/11-1,4226,0.29516727552775807,0.5776147657359205
lgbm_global,25/5-3,11324,0.2955822027749162,0.7300423878488167
lgbm_global,31/6-5,11098,0.31762996197688537,0.6468733105063975
lgbm_global,16/7-5,15590,0.3317804309875555,0.8505452212957024
lgbm_global,16/10-2,2437,0.35976694787929286,0.5765285186704965
lgbm_global,16/2-16,10025,0.3778393695312692,0.7858354114713217
lgbm_global,31/6-8,9533,0.4358551565150065,0.7140459456624357
lgbm_global,16/2-6,9138,0.45451385474704076,0.8443860801050558
lgbm_global,31/2-19 S,16705,0.5004908282992856,0.7567195450463933
lgbm_global,16/2-11 A,10708,0.562081076822009,0.8713111692192753
lgbm_wellnorm,31/5-4 S,11315,0.09776802988007333,0.38806893504197965
lgbm_wellnorm,35/11-12,19112,0.14671856025876234,0.6607890330682293
lgbm_wellnorm,17/11-1,20099,0.197553191322019,0.5624657943181253
lgbm_wellnorm,35/8-4,2709,0.23508151805275274,0.5913621262458472
lgbm_wellnorm,29/6-1,24468,0.23792061348270566,0.5106261239169527
lgbm_wellnorm,16/10-2,2437,0.24410440541225956,0.5223635617562576
lgbm_wellnorm,31/6-5,11098,0.2516121518177052,0.5364930618129393
lgbm_wellnorm,25/7-2,23879,0.30059342408420164,0.534905146781691
lgbm_wellnorm,34/11-1,4226,0.31188071329796313,0.5222432560340747
lgbm_wellnorm,31/2-19 S,16705,0.32279761587150174,0.5738401676144866
lgbm_wellnorm,31/6-8,9533,0.35533118790773666,0.6762823874960663
lgbm_wellnorm,25/5-3,11324,0.3817585441090475,0.7547686329918757
lgbm_wellnorm,16/2-11 A,10708,0.38561891084599115,0.7901568920433321
lgbm_wellnorm,25/5-1,18473,0.38838599080114156,0.6923076923076923
lgbm_wellnorm,16/2-16,10025,0.40699104602611946,0.7871321695760598
lgbm_wellnorm,16/7-5,15590,0.4220809588650265,0.7260423348300192
lgbm_wellnorm,16/2-6,9138,0.4357384088701103,0.7800393959290873
mlp_coral_uda,31/5-4 S,11315,0.07106143426776185,0.13716305788775962
mlp_coral_uda,17/11-1,20099,0.1260376154674568,0.4410169660182099
mlp_coral_uda,35/11-12,19112,0.13716985951899552,0.7283905399748849
mlp_coral_uda,16/10-2,2437,0.14492000856018666,0.3188346327451785
mlp_coral_uda,35/8-4,2709,0.23420050668064868,0.39313399778516056
mlp_coral_uda,25/7-2,23879,0.23842555277670863,0.42669291008836213
mlp_coral_uda,25/5-1,18473,0.24277800824048196,0.6152222162074379
mlp_coral_uda,29/6-1,24468,0.2477607430060458,0.5923655386627432
mlp_coral_uda,31/6-5,11098,0.2578749972405327,0.5470355018922328
mlp_coral_uda,31/2-19 S,16705,0.30800002413996275,0.6421430709368453
mlp_coral_uda,31/6-8,9533,0.32783550152786906,0.6688345746354768
mlp_coral_uda,34/11-1,4226,0.3459695039125168,0.6289635589209654
mlp_coral_uda,16/2-16,10025,0.3703277468239012,0.7767581047381547
mlp_coral_uda,16/2-6,9138,0.37857353876928007,0.7670168527029985
mlp_coral_uda,16/2-11 A,10708,0.38104854986189457,0.8123832648487113
mlp_coral_uda,25/5-3,11324,0.40345037987492205,0.7961850936064995
mlp_coral_uda,16/7-5,15590,0.4807944359610305,0.7742142398973701
lgbm_conf,31/5-4 S,11315,0.10076170110510173,0.36694653115333625
lgbm_conf,35/11-12,19112,0.13633145808465885,0.652208036835496
lgbm_conf,17/11-1,20099,0.22127921647142024,0.6020200009950744
lgbm_conf,29/6-1,24468,0.2325370578390136,0.5183096289030571
lgbm_conf,16/10-2,2437,0.24108842117448817,0.49487074271645465
lgbm_conf,35/8-4,2709,0.25153363119496186,0.6249538575119971
lgbm_conf,31/6-5,11098,0.275460333217123,0.5487475220760497
lgbm_conf,34/11-1,4226,0.2931404203917553,0.5480359678182679
lgbm_conf,25/7-2,23879,0.3121079328222776,0.5376272038192554
lgbm_conf,31/2-19 S,16705,0.3202257650967885,0.6172403472014367
lgbm_conf,31/6-8,9533,0.3455180597172359,0.6773313752229099
lgbm_conf,16/7-5,15590,0.34787834306746707,0.7581783194355356
lgbm_conf,16/2-11 A,10708,0.35798358938903746,0.788756070227867
lgbm_conf,25/5-3,11324,0.3771614872197524,0.7731367008124338
lgbm_conf,25/5-1,18473,0.3984622304631985,0.6847290640394089
lgbm_conf,16/2-6,9138,0.439109254601139,0.7901072444736266
lgbm_conf,16/2-16,10025,0.4695594900343215,0.7833416458852868
lgbm_full,31/5-4 S,11315,0.09299911368652386,0.36014140521431726
lgbm_full,35/11-12,19112,0.150943542808567,0.6584868145667644
lgbm_full,17/11-1,20099,0.181056727247255,0.5176874471366735
lgbm_full,16/10-2,2437,0.22017553751388938,0.46778826425933523
lgbm_full,29/6-1,24468,0.23525031012165148,0.5040461010299166
lgbm_full,31/6-5,11098,0.2491985637143117,0.5466750765903766
lgbm_full,34/11-1,4226,0.26309672570156034,0.5134879318504496
lgbm_full,16/7-5,15590,0.26811533863335923,0.7690827453495831
lgbm_full,35/8-4,2709,0.2970077617511143,0.6434108527131783
lgbm_full,25/5-3,11324,0.3133278668615057,0.7569763334510774
lgbm_full,31/6-8,9533,0.33223998389685777,0.6769117801321725
lgbm_full,25/7-2,23879,0.34491773950447024,0.62946522048662
lgbm_full,31/2-19 S,16705,0.34932109848918724,0.6170607602514218
lgbm_full,16/2-6,9138,0.3889414516154306,0.7702998467936091
lgbm_full,25/5-1,18473,0.4214776709637456,0.735884804850322
lgbm_full,16/2-16,10025,0.4297612322625209,0.7812468827930175
lgbm_full,16/2-11 A,10708,0.455279452063104,0.8216286888307808
lgbm_groupdro,31/5-4 S,11315,0.10014452448455353,0.4247459125055236
lgbm_groupdro,35/11-12,19112,0.14485904548453898,0.6782126412724989
lgbm_groupdro,17/11-1,20099,0.22894057193365577,0.6141599084531568
lgbm_groupdro,16/10-2,2437,0.22897331478304803,0.4788674599917932
lgbm_groupdro,29/6-1,24468,0.24228527836712732,0.5342896844858591
lgbm_groupdro,34/11-1,4226,0.27005285614096725,0.4907714150496924
lgbm_groupdro,31/6-5,11098,0.27307860402937184,0.5518111371418274
lgbm_groupdro,35/8-4,2709,0.27549868469046385,0.6552233296419343
lgbm_groupdro,31/2-19 S,16705,0.3253117087296847,0.6183777312181982
lgbm_groupdro,25/7-2,23879,0.3273277480769403,0.5888856317266217
lgbm_groupdro,16/7-5,15590,0.3516968905488893,0.755227710070558
lgbm_groupdro,31/6-8,9533,0.35649975593709204,0.6728207279974824
lgbm_groupdro,25/5-1,18473,0.39362289724535177,0.6677854165538895
lgbm_groupdro,25/5-3,11324,0.40943810769407446,0.785146591310491
lgbm_groupdro,16/2-16,10025,0.41092336860466744,0.7825436408977556
lgbm_groupdro,16/2-6,9138,0.4432963620778813,0.7846355876559422
lgbm_groupdro,16/2-11 A,10708,0.46219803543565996,0.8003361972357116
