protocol,seed,holdout_blocks,holdout_quadrants,target_well,method,accuracy,macro_f1,weighted_f1,well_macro_f1_mean,well_macro_f1_median,well_macro_f1_std,worst10pct_well_f1,worst_well_f1,seconds,n_train,n_test,n_test_unseen_label_kept,n_val_dropped_unseen_label,uda_target_mode,early_stopping_metric,n_estimators_budget,pipeline_version,feature_mode,use_relative_depth,well_z_mode,stats_support,n_features,git_commit,git_dirty,config_hash,split_hash,hash_curves_all_parquet,hash_labeled_parquet,hash_dataset_meta_json,feature_param_hash,fixed_label_mode,n_fixed_labels,known_macro_f1,known_worst_well_f1,known_worst10pct_well_f1,worst_well_f1_fixed,worst10pct_well_f1_fixed,smoothing_scope
protocol3_lowo,42,,,34/10-16 R,lgbm_global,0.5146045028890217,0.3296654062669676,0.5928822032202105,0.3296654062669676,0.3296654062669676,0.0,0.3296654062669676,0.3296654062669676,123.59,1231514,25095,0,0,none,multi_logloss,180,r3_fullcurve_stats_20260930,global,False,full,full_curve,32,e895dda14c7c869f28ef3f655cc354c02e3fb2d5,False,8602348e06353cc9206350443624798d5847f2b7c61da21aef3aff0e7652942c,b1f8695251d457670c2133848d802ff3814dec7f4648fb9ff129b9975f4f91fd,91c87c5b4f834397daa00b01ae727b059675863211f044645de62d451cfb8c46,43041111a78dd4726423d9f43fb9a3cc00d7284ebd9c49071c459697b99c0e87,0fdd6fae08175da5c6c16d621fd8688db07a6a053167ade9f8be1b855e126209,9d2c7ad879a80eef284e32d0dadee42e995aeacfcc54dedeef5e09c73767b0b5,train_learnable,12,,,,0.21977693751131175,0.21977693751131175,none
protocol3_lowo,42,,,34/10-16 R,lgbm_global_eq120k,0.6147041243275553,0.36811630953097046,0.6745484438193683,0.36811630953097046,0.36811630953097046,0.0,0.36811630953097046,0.36811630953097046,59.91,1231514,25095,0,0,none,multi_logloss,180,r3_fullcurve_stats_20260930,global,False,full,full_curve,32,e895dda14c7c869f28ef3f655cc354c02e3fb2d5,False,8602348e06353cc9206350443624798d5847f2b7c61da21aef3aff0e7652942c,b1f8695251d457670c2133848d802ff3814dec7f4648fb9ff129b9975f4f91fd,91c87c5b4f834397daa00b01ae727b059675863211f044645de62d451cfb8c46,43041111a78dd4726423d9f43fb9a3cc00d7284ebd9c49071c459697b99c0e87,0fdd6fae08175da5c6c16d621fd8688db07a6a053167ade9f8be1b855e126209,baad36fa6622469175d61c36872b36913e66ce8f375c1a907ce0cd3f010dd42e,train_learnable,12,,,,0.24541087302064699,0.24541087302064699,none
protocol3_lowo,42,,,34/10-16 R,rf_global,0.6133094241880853,0.3387099475794683,0.6794331787646292,0.3387099475794683,0.3387099475794683,0.0,0.3387099475794683,0.3387099475794683,34.76,1231514,25095,0,0,none,multi_logloss,200,r3_fullcurve_stats_20260930,global,False,full,full_curve,32,e895dda14c7c869f28ef3f655cc354c02e3fb2d5,False,8602348e06353cc9206350443624798d5847f2b7c61da21aef3aff0e7652942c,b1f8695251d457670c2133848d802ff3814dec7f4648fb9ff129b9975f4f91fd,91c87c5b4f834397daa00b01ae727b059675863211f044645de62d451cfb8c46,43041111a78dd4726423d9f43fb9a3cc00d7284ebd9c49071c459697b99c0e87,0fdd6fae08175da5c6c16d621fd8688db07a6a053167ade9f8be1b855e126209,9749b7606f66549a6595b55fcd5d7c470887ad2f92c84bebdb02d33df3cfdd06,train_learnable,12,,,,0.22580663171964555,0.22580663171964555,none
protocol3_lowo,42,,,34/10-16 R,rf_global_full,0.46539151225343695,0.2803989728029716,0.5515017869533141,0.2803989728029716,0.2803989728029716,0.0,0.2803989728029716,0.2803989728029716,154.71,1231514,25095,0,0,none,multi_logloss,100,r3_fullcurve_stats_20260930,global,False,full,full_curve,32,e895dda14c7c869f28ef3f655cc354c02e3fb2d5,False,8602348e06353cc9206350443624798d5847f2b7c61da21aef3aff0e7652942c,b1f8695251d457670c2133848d802ff3814dec7f4648fb9ff129b9975f4f91fd,91c87c5b4f834397daa00b01ae727b059675863211f044645de62d451cfb8c46,43041111a78dd4726423d9f43fb9a3cc00d7284ebd9c49071c459697b99c0e87,0fdd6fae08175da5c6c16d621fd8688db07a6a053167ade9f8be1b855e126209,7d38084cacacbb3eda88c22f42771fc597b5e04390c0988bc83f953f256c651b,train_learnable,12,,,,0.1869326485353144,0.1869326485353144,none
protocol3_lowo,42,,,34/10-16 R,xgb_global,0.5020522016337916,0.31421687304415924,0.5801654102603069,0.31421687304415924,0.31421687304415924,0.0,0.31421687304415924,0.31421687304415924,198.24,1231514,25095,0,0,none,multi_logloss,180,r3_fullcurve_stats_20260930,global,False,full,full_curve,32,e895dda14c7c869f28ef3f655cc354c02e3fb2d5,False,8602348e06353cc9206350443624798d5847f2b7c61da21aef3aff0e7652942c,b1f8695251d457670c2133848d802ff3814dec7f4648fb9ff129b9975f4f91fd,91c87c5b4f834397daa00b01ae727b059675863211f044645de62d451cfb8c46,43041111a78dd4726423d9f43fb9a3cc00d7284ebd9c49071c459697b99c0e87,0fdd6fae08175da5c6c16d621fd8688db07a6a053167ade9f8be1b855e126209,5cf34cb449a2c8ddc7e405773be1453be0850273da8fc9a22f1a97cd36f2fc80,train_learnable,12,,,,0.2094779153627728,0.2094779153627728,none
protocol3_lowo,42,,,34/10-16 R,lgbm_wellnorm,0.7011356843992828,0.3059701680379238,0.7200558230228175,0.3059701680379238,0.3059701680379238,0.0,0.3059701680379238,0.3059701680379238,138.11,1231514,25095,0,0,none,multi_logloss,180,r3_fullcurve_stats_20260930,wellnorm,True,full,full_curve,33,e895dda14c7c869f28ef3f655cc354c02e3fb2d5,False,8602348e06353cc9206350443624798d5847f2b7c61da21aef3aff0e7652942c,b1f8695251d457670c2133848d802ff3814dec7f4648fb9ff129b9975f4f91fd,91c87c5b4f834397daa00b01ae727b059675863211f044645de62d451cfb8c46,43041111a78dd4726423d9f43fb9a3cc00d7284ebd9c49071c459697b99c0e87,0fdd6fae08175da5c6c16d621fd8688db07a6a053167ade9f8be1b855e126209,5bebe90abf4e23ffaf8aaf20db4953bcbf6850267df7c4799e66fe2b05f01ac3,train_learnable,12,,,,0.20398011202528255,0.20398011202528255,none
protocol3_lowo,42,,,34/10-16 R,lgbm_wellnorm_norel,0.6963140067742578,0.330839852035116,0.71097686130526,0.330839852035116,0.330839852035116,0.0,0.330839852035116,0.330839852035116,137.36,1231514,25095,0,0,none,multi_logloss,180,r3_fullcurve_stats_20260930,wellnorm,False,full,full_curve,32,e895dda14c7c869f28ef3f655cc354c02e3fb2d5,False,8602348e06353cc9206350443624798d5847f2b7c61da21aef3aff0e7652942c,b1f8695251d457670c2133848d802ff3814dec7f4648fb9ff129b9975f4f91fd,91c87c5b4f834397daa00b01ae727b059675863211f044645de62d451cfb8c46,43041111a78dd4726423d9f43fb9a3cc00d7284ebd9c49071c459697b99c0e87,0fdd6fae08175da5c6c16d621fd8688db07a6a053167ade9f8be1b855e126209,c0458e7deef251243de7d69f6f9bd7fefd7c9f93fe59f1f8611ce52e6212018c,train_learnable,12,,,,0.220559901356744,0.220559901356744,none
protocol3_lowo,42,,,34/10-16 R,lgbm_hybrid,0.7487547320183303,0.37174186267019915,0.7686553653396903,0.37174186267019915,0.37174186267019915,0.0,0.37174186267019915,0.37174186267019915,180.91,1231514,25095,0,0,none,multi_logloss,180,r3_fullcurve_stats_20260930,hybrid,True,full,full_curve,49,e895dda14c7c869f28ef3f655cc354c02e3fb2d5,False,8602348e06353cc9206350443624798d5847f2b7c61da21aef3aff0e7652942c,b1f8695251d457670c2133848d802ff3814dec7f4648fb9ff129b9975f4f91fd,91c87c5b4f834397daa00b01ae727b059675863211f044645de62d451cfb8c46,43041111a78dd4726423d9f43fb9a3cc00d7284ebd9c49071c459697b99c0e87,0fdd6fae08175da5c6c16d621fd8688db07a6a053167ade9f8be1b855e126209,a9584710f6740238911d842e0e49d5039400bf72c84a40e420357b244e624b41,train_learnable,12,,,,0.24782790844679944,0.24782790844679944,none
protocol3_lowo,42,,,34/10-16 R,lgbm_hybrid_norel,0.7596333931061965,0.4250278731779523,0.7864531850139413,0.4250278731779523,0.4250278731779523,0.0,0.4250278731779523,0.4250278731779523,184.1,1231514,25095,0,0,none,multi_logloss,180,r3_fullcurve_stats_20260930,hybrid,False,full,full_curve,48,e895dda14c7c869f28ef3f655cc354c02e3fb2d5,False,8602348e06353cc9206350443624798d5847f2b7c61da21aef3aff0e7652942c,b1f8695251d457670c2133848d802ff3814dec7f4648fb9ff129b9975f4f91fd,91c87c5b4f834397daa00b01ae727b059675863211f044645de62d451cfb8c46,43041111a78dd4726423d9f43fb9a3cc00d7284ebd9c49071c459697b99c0e87,0fdd6fae08175da5c6c16d621fd8688db07a6a053167ade9f8be1b855e126209,541d91be3eb41014f35c930411cfd23c85379321ea069333a4b0bf8e44def757,train_learnable,12,,,,0.28335191545196825,0.28335191545196825,none
protocol3_lowo,42,,,34/10-16 R,lgbm_hybrid_while,0.7325363618250648,0.46175196260132256,0.7686744483407731,0.46175196260132256,0.46175196260132256,0.0,0.46175196260132256,0.46175196260132256,188.13,1231514,25095,0,0,none,multi_logloss,180,r3_fullcurve_stats_20260930,hybrid,False,causal,full_curve,48,e895dda14c7c869f28ef3f655cc354c02e3fb2d5,False,8602348e06353cc9206350443624798d5847f2b7c61da21aef3aff0e7652942c,b1f8695251d457670c2133848d802ff3814dec7f4648fb9ff129b9975f4f91fd,91c87c5b4f834397daa00b01ae727b059675863211f044645de62d451cfb8c46,43041111a78dd4726423d9f43fb9a3cc00d7284ebd9c49071c459697b99c0e87,0fdd6fae08175da5c6c16d621fd8688db07a6a053167ade9f8be1b855e126209,80f751dcf6b86b3652b6c19bb1a93794dc1505ee4ff531e017226f9a7d9ef995,train_learnable,12,,,,0.30783464173421504,0.30783464173421504,none
protocol3_lowo,42,,,34/10-16 R,lgbm_hybrid_smooth,0.7584379358437936,0.37348316974774315,0.7746583312714623,0.37348316974774315,0.37348316974774315,0.0,0.37348316974774315,0.37348316974774315,186.21,1231514,25095,0,0,none,multi_logloss,180,r3_fullcurve_stats_20260930,hybrid,True,full,full_curve,49,e895dda14c7c869f28ef3f655cc354c02e3fb2d5,False,8602348e06353cc9206350443624798d5847f2b7c61da21aef3aff0e7652942c,b1f8695251d457670c2133848d802ff3814dec7f4648fb9ff129b9975f4f91fd,91c87c5b4f834397daa00b01ae727b059675863211f044645de62d451cfb8c46,43041111a78dd4726423d9f43fb9a3cc00d7284ebd9c49071c459697b99c0e87,0fdd6fae08175da5c6c16d621fd8688db07a6a053167ade9f8be1b855e126209,a9584710f6740238911d842e0e49d5039400bf72c84a40e420357b244e624b41,train_learnable,12,,,,0.24898877983182877,0.24898877983182877,labeled_score_support
protocol3_lowo,42,,,34/10-16 R,lgbm_hybrid_sim,0.7682805339709106,0.3687292880052395,0.7854405653793892,0.3687292880052395,0.3687292880052395,0.0,0.3687292880052395,0.3687292880052395,217.22,1231514,25095,0,0,batch_target,multi_logloss,180,r3_fullcurve_stats_20260930,hybrid,True,full,full_curve,49,e895dda14c7c869f28ef3f655cc354c02e3fb2d5,False,8602348e06353cc9206350443624798d5847f2b7c61da21aef3aff0e7652942c,b1f8695251d457670c2133848d802ff3814dec7f4648fb9ff129b9975f4f91fd,91c87c5b4f834397daa00b01ae727b059675863211f044645de62d451cfb8c46,43041111a78dd4726423d9f43fb9a3cc00d7284ebd9c49071c459697b99c0e87,0fdd6fae08175da5c6c16d621fd8688db07a6a053167ade9f8be1b855e126209,a9584710f6740238911d842e0e49d5039400bf72c84a40e420357b244e624b41,train_learnable,12,,,,0.2458195253368263,0.2458195253368263,none
protocol3_lowo,42,,,34/10-16 R,lgbm_hybrid_sim_perwell,0.7682805339709106,0.3687292880052395,0.7854405653793892,0.3687292880052395,0.3687292880052395,0.0,0.3687292880052395,0.3687292880052395,210.51,1231514,25095,0,0,per_well,multi_logloss,180,r3_fullcurve_stats_20260930,hybrid,True,full,full_curve,49,e895dda14c7c869f28ef3f655cc354c02e3fb2d5,False,8602348e06353cc9206350443624798d5847f2b7c61da21aef3aff0e7652942c,b1f8695251d457670c2133848d802ff3814dec7f4648fb9ff129b9975f4f91fd,91c87c5b4f834397daa00b01ae727b059675863211f044645de62d451cfb8c46,43041111a78dd4726423d9f43fb9a3cc00d7284ebd9c49071c459697b99c0e87,0fdd6fae08175da5c6c16d621fd8688db07a6a053167ade9f8be1b855e126209,f0035c0b7027447eb93af1f08fa93f86636eddefd4ef058ba1ba909e1d1db83c,train_learnable,12,,,,0.2458195253368263,0.2458195253368263,none
protocol3_lowo,42,,,34/10-16 R,lgbm_hybrid_plus,0.7813907152819287,0.3658129123999453,0.7884219740011476,0.3658129123999453,0.3658129123999453,0.0,0.3658129123999453,0.3658129123999453,219.71,1231514,25095,0,0,batch_target,multi_logloss,180,r3_fullcurve_stats_20260930,hybrid,True,full,full_curve,49,e895dda14c7c869f28ef3f655cc354c02e3fb2d5,False,8602348e06353cc9206350443624798d5847f2b7c61da21aef3aff0e7652942c,b1f8695251d457670c2133848d802ff3814dec7f4648fb9ff129b9975f4f91fd,91c87c5b4f834397daa00b01ae727b059675863211f044645de62d451cfb8c46,43041111a78dd4726423d9f43fb9a3cc00d7284ebd9c49071c459697b99c0e87,0fdd6fae08175da5c6c16d621fd8688db07a6a053167ade9f8be1b855e126209,a9584710f6740238911d842e0e49d5039400bf72c84a40e420357b244e624b41,train_learnable,12,,,,0.24387527493329686,0.24387527493329686,labeled_score_support
protocol3_lowo,42,,,34/10-16 R,mlp_source_only,0.5839410241083881,0.2952014699860864,0.6294940811007114,0.2952014699860864,0.2952014699860864,0.0,0.2952014699860864,0.2952014699860864,46.36,1231514,25095,0,0,none,multi_logloss,180,r3_fullcurve_stats_20260930,global,False,full,full_curve,32,e895dda14c7c869f28ef3f655cc354c02e3fb2d5,False,8602348e06353cc9206350443624798d5847f2b7c61da21aef3aff0e7652942c,b1f8695251d457670c2133848d802ff3814dec7f4648fb9ff129b9975f4f91fd,91c87c5b4f834397daa00b01ae727b059675863211f044645de62d451cfb8c46,43041111a78dd4726423d9f43fb9a3cc00d7284ebd9c49071c459697b99c0e87,0fdd6fae08175da5c6c16d621fd8688db07a6a053167ade9f8be1b855e126209,644a4883ecf827b2fafe573ebcfa22e39f9f6800f51984cf68672e7634828e8c,train_learnable,12,,,,0.19680097999072424,0.19680097999072424,none
protocol3_lowo,42,,,34/10-16 R,mlp_coral_uda,0.17752540346682605,0.06682566200710847,0.08526788681388978,0.06682566200710847,0.06682566200710847,0.0,0.06682566200710847,0.06682566200710847,37.05,1231514,25095,0,0,transductive_score_support,multi_logloss,180,r3_fullcurve_stats_20260930,global,False,full,full_curve,32,e895dda14c7c869f28ef3f655cc354c02e3fb2d5,False,8602348e06353cc9206350443624798d5847f2b7c61da21aef3aff0e7652942c,b1f8695251d457670c2133848d802ff3814dec7f4648fb9ff129b9975f4f91fd,91c87c5b4f834397daa00b01ae727b059675863211f044645de62d451cfb8c46,43041111a78dd4726423d9f43fb9a3cc00d7284ebd9c49071c459697b99c0e87,0fdd6fae08175da5c6c16d621fd8688db07a6a053167ade9f8be1b855e126209,937c65efcb96aa4cb25c3a865aad86b00f0076ec042891cf650bfa5113df54bd,train_learnable,12,,,,0.044550441338072316,0.044550441338072316,none
